strategy,model_layer,subperiod,start,end,trading_days,total_return,cagr,annual_volatility,sharpe_excess_bil,sortino_excess_bil,max_drawdown,daily_var_95,daily_cvar_95,worst_1d,worst_5d,worst_20d,worst_63d,average_asset_weight,average_cash_weight,annual_turnover,transaction_cost_total,drawdown_peak_date,drawdown_trough_date,recovery_date,recovery_trading_days,recovered
v0_3_base_scores,PS_only,full,2016-07-25,2026-07-24,2515,1.6521664667622553,0.10249716517249641,0.11345706974208516,0.7143186656697106,1.0198305259884848,-0.24847733107440373,-0.01050517566045221,-0.017902451783233256,-0.04311995268959893,-0.08921738776367605,-0.12310721757954757,-0.20668789365284956,0.4347465208747514,0.5652534791252486,1.9337941659819233,0.009665000000000002,2021-12-27,2022-12-28,2024-05-13,597,True
v0_3_base_scores,PS_only,first_half,2016-07-25,2020-12-31,1120,0.8478239997957269,0.14815001489709556,0.11456975503739411,1.1655682949235295,1.672421653243852,-0.10804834055347123,-0.010956020389870027,-0.018746538233684173,-0.04311995268959893,-0.05949129480970572,-0.10373323156134995,-0.10604399663011177,0.46023214285714287,0.5397678571428571,1.9383750000000004,0.0043075000000000006,2018-10-01,2018-12-24,2019-02-22,98,True
v0_3_base_scores,PS_only,second_half,2021-01-04,2026-07-24,1395,0.4424201352369137,0.06823580224085068,0.11255492420149378,0.34551661718729243,0.4911338657379411,-0.24847733107440373,-0.010297318744152692,-0.017199503992561357,-0.040285270072430365,-0.08921738776367605,-0.12310721757954757,-0.20668789365284956,0.41428494623655915,0.5857150537634408,1.9307615934879137,0.005357500000000001,2021-12-27,2022-12-28,2024-05-13,597,True
v0_4_all,PS_only,full,2016-07-25,2026-07-24,2515,1.9106807265751207,0.11280359513970883,0.10032025376076968,0.8867334559289388,1.2856870083118268,-0.17007662378013966,-0.009627219068334294,-0.015336886817563579,-0.04311995268959893,-0.05904577147061074,-0.10328654788658442,-0.1297930991244619,0.4076560636182903,0.5923439363817097,1.0424281018898933,0.005210000000000001,2021-12-27,2022-11-03,2023-06-15,369,True
v0_4_all,PS_only,first_half,2016-07-25,2020-12-31,1120,0.8405866456401285,0.14713666240137258,0.1046211941263112,1.2575379722449616,1.8028247004377662,-0.10647134501829969,-0.010020971356804118,-0.016905888065520295,-0.04311995268959893,-0.058752237330022994,-0.10328654788658442,-0.09327010166174032,0.4392053571428572,0.5607946428571429,1.41075,0.0031350000000000006,2020-02-19,2020-03-16,2020-04-17,41,True
v0_4_all,PS_only,second_half,2021-01-04,2026-07-24,1395,0.5892415227914292,0.08705843951960035,0.09673885740089759,0.5659706804121382,0.8294360888170995,-0.17007662378013966,-0.009176985563687796,-0.014048964523657814,-0.02738925856929956,-0.05904577147061074,-0.0829441763501263,-0.1297930991244619,0.382326164874552,0.617673835125448,0.7477984706462756,0.0020750000000000005,2021-12-27,2022-11-03,2023-06-15,369,True
v0_4_all_ungated,PS_only,full,2016-07-25,2026-07-24,2515,1.9344656347329505,0.11370997907694091,0.1063083857827034,0.8502662035006531,1.2332165161913817,-0.17789833471302618,-0.009876063506186967,-0.016415279494854454,-0.04311995268959893,-0.05904577147061074,-0.10328654788658442,-0.1297930991244619,0.41919681908548717,0.5808031809145129,1.2044946589975352,0.006020000000000001,2021-12-27,2022-06-16,2023-06-14,368,True
v0_4_all_ungated,PS_only,first_half,2016-07-25,2020-12-31,1120,0.8472776474561474,0.1480736237340745,0.11541142828025866,1.1573338444644903,1.6564795848693432,-0.12476504851184556,-0.010956020389870027,-0.019052286260926365,-0.04311995268959893,-0.058752237330022994,-0.10328654788658442,-0.12127891532656088,0.46102232142857147,0.5389776785714285,1.5930000000000004,0.0035400000000000006,2018-10-01,2018-12-24,2019-03-18,114,True
v0_4_all_ungated,PS_only,second_half,2021-01-04,2026-07-24,1395,0.596424752033595,0.08794216223463192,0.09840632425716289,0.5663098390878989,0.8337463063051849,-0.17789833471302618,-0.00925604712387469,-0.014221016069846734,-0.02738925856929956,-0.05904577147061074,-0.0829441763501263,-0.1297930991244619,0.38561648745519717,0.6143835125448028,0.8937543167242232,0.0024800000000000004,2021-12-27,2022-06-16,2023-06-14,368,True
v0_4_no_breadth_ungated,PS_only,full,2016-07-25,2026-07-24,2515,1.737475113396683,0.10599454855749002,0.11269537670735696,0.7465650945705394,1.0665681392075068,-0.2705008746013168,-0.010367469264139536,-0.017702007772416622,-0.04311995268959893,-0.08921738776367605,-0.13030057050374122,-0.23644738191096815,0.43475149105367794,0.5652485089463221,2.0353358668857853,0.010172500000000001,2021-12-27,2022-11-03,2024-06-12,618,True
v0_4_no_breadth_ungated,PS_only,first_half,2016-07-25,2020-12-31,1120,0.8958423325757194,0.1547966057530734,0.1139592785578412,1.2218679814120657,1.7593393671733535,-0.10692284271924779,-0.010924013440390637,-0.01849753319028317,-0.04311995268959893,-0.05949129480970572,-0.10373965485722403,-0.10105517552270782,0.46035714285714285,0.5396428571428571,1.7403750000000004,0.0038675000000000003,2020-02-19,2020-03-16,2020-04-14,38,True
v0_4_no_breadth_ungated,PS_only,second_half,2021-01-04,2026-07-24,1395,0.451107421435222,0.06939225097577317,0.11166324984531388,0.3571330089660617,0.5067536297154949,-0.2705008746013168,-0.010252682855345833,-0.017043217348155896,-0.040285270072430365,-0.08921738776367605,-0.13030057050374122,-0.23644738191096815,0.4141935483870968,0.5858064516129031,2.272226196349285,0.006305000000000001,2021-12-27,2022-11-03,2024-06-12,618,True
v0_4_no_liquidity_ungated,PS_only,full,2016-07-25,2026-07-24,2515,1.7912787953227807,0.10815022072929459,0.11376110420373484,0.7577623012272563,1.0815935526678992,-0.24285826326427185,-0.010143451423772938,-0.01807410092799301,-0.04311995268959893,-0.08831526644692744,-0.12084957352886139,-0.20477775974806567,0.4299333996023856,0.5700666003976145,1.2785250616269517,0.006390000000000001,2021-12-27,2022-06-16,2023-12-26,502,True
v0_4_no_liquidity_ungated,PS_only,first_half,2016-07-25,2020-12-31,1120,0.8644456550486723,0.150465736819418,0.11560094348457026,1.1736350032107286,1.6827799763526723,-0.12476504851184644,-0.010956020389870027,-0.019052286260926365,-0.04311995268959893,-0.058752237330022994,-0.10328654788658442,-0.12127891532656088,0.46153348214285717,0.5384665178571428,1.5930000000000004,0.0035400000000000006,2018-10-01,2018-12-24,2019-03-18,114,True
v0_4_no_liquidity_ungated,PS_only,second_half,2021-01-04,2026-07-24,1395,0.5045446730280072,0.07638354244185552,0.11226766596806016,0.41402297010225664,0.5885927814395459,-0.24285826326427185,-0.00990957927387073,-0.017244344479748,-0.040285270072430365,-0.08831526644692744,-0.12084957352886139,-0.20477775974806567,0.4045627240143369,0.5954372759856631,1.0270966946225952,0.00285,2021-12-27,2022-06-16,2023-12-26,502,True
v0_4_no_tail_ungated,PS_only,full,2016-07-25,2026-07-24,2515,1.9082110951722235,0.11270910198479744,0.10705359740654406,0.8366600299180901,1.2161040833981973,-0.17789833471302607,-0.010007593800021886,-0.016509098076456858,-0.04311995268959893,-0.05904577147061074,-0.10328654788658442,-0.1297930991244619,0.4200914512922465,0.5799085487077535,1.2044946589975352,0.006020000000000001,2021-12-27,2022-06-16,2023-07-05,381,True
v0_4_no_tail_ungated,PS_only,first_half,2016-07-25,2020-12-31,1120,0.8471654769208208,0.14805793784664423,0.11539861959751752,1.1573333142484659,1.6564667858291602,-0.12476504851184655,-0.010956020389870027,-0.019052286260926365,-0.04311995268959893,-0.058752237330022994,-0.10328654788658442,-0.12127891532656088,0.46021874999999995,0.5397812500000001,1.5930000000000004,0.0035400000000000006,2018-10-01,2018-12-24,2019-03-18,114,True
v0_4_no_tail_ungated,PS_only,second_half,2021-01-04,2026-07-24,1395,0.5822376842520915,0.08619362789693352,0.09986306206626647,0.543302253169791,0.8032139539415846,-0.17789833471302607,-0.009586218662783943,-0.014410670629022395,-0.02738925856929956,-0.05904577147061074,-0.0829441763501263,-0.1297930991244619,0.3878745519713262,0.6121254480286737,0.8937543167242232,0.0024800000000000004,2021-12-27,2022-06-16,2023-07-05,381,True
v0_3_full_base_scores,full_proxy,full,2016-07-25,2026-07-24,2514,1.6992739357984243,0.1044407284611435,0.10961812267682236,0.7518621910781993,1.0817611123086701,-0.2428607066203664,-0.010190309295940964,-0.01700926042983128,-0.040285270072430324,-0.08921738776367627,-0.12310721757954779,-0.20668789365284912,0.43574569368067934,0.5642543063193206,1.9337941659819233,0.009665000000000002,2021-12-27,2022-12-28,2024-04-11,575,True
v0_3_full_base_scores,full_proxy,first_half,2016-07-25,2020-12-31,1119,0.8705425938677498,0.1514561284820044,0.10809406932989818,1.2553642012779573,1.827469109176458,-0.10258380000465583,-0.01002221514712579,-0.01730829380904007,-0.03963906914773607,-0.05362717040820464,-0.07828262605288772,-0.10062717233405005,0.46249970859090966,0.5375002914090903,1.9401072386058984,0.0043075000000000006,2018-10-01,2018-12-24,2019-02-13,92,True
v0_3_full_base_scores,full_proxy,second_half,2021-01-04,2026-07-24,1395,0.44995895121410534,0.06923969310416034,0.11081989455373878,0.3579606456996048,0.5103692291794418,-0.2428607066203664,-0.010255006421389734,-0.016767637218678366,-0.040285270072430324,-0.08921738776367627,-0.12310721757954779,-0.20668789365284912,0.41428494623655915,0.5857150537634408,1.9307615934879137,0.005357500000000001,2021-12-27,2022-12-28,2024-04-11,575,True
v0_4_full_enriched_ungated,full_proxy,full,2016-07-25,2026-07-24,2514,1.975660980658824,0.11526430389542819,0.10063187710145807,0.9066729107155029,1.3284288028200206,-0.17474675091466452,-0.009167878104521882,-0.015271711678824258,-0.03963906914773596,-0.05904577147061063,-0.08748068784820506,-0.12690194487279316,0.41922434367541767,0.5807756563245823,1.2044946589975352,0.006020000000000001,2021-12-27,2022-06-16,2023-06-12,366,True
v0_4_full_enriched_ungated,full_proxy,first_half,2016-07-25,2020-12-31,1119,0.8666241969575528,0.15091248847856265,0.10679629217867018,1.2648844876078305,1.834022489175458,-0.11241639785596058,-0.00968604501424023,-0.017307907074652705,-0.03963906914773596,-0.05360409842183711,-0.08748068784820506,-0.11176304343428889,0.4611215370866845,0.5388784629133154,1.594423592493298,0.0035400000000000006,2018-10-01,2019-01-03,2019-03-13,111,True
v0_4_full_enriched_ungated,full_proxy,second_half,2021-01-04,2026-07-24,1395,0.6018136873792514,0.08860300279609934,0.09540800280340134,0.5877325749652463,0.8702434005611035,-0.17474675091466452,-0.00910919636887213,-0.013626857993274228,-0.026102370368795258,-0.05904577147061063,-0.07991279163262688,-0.12690194487279316,0.38561648745519717,0.6143835125448028,0.8937543167242232,0.0024800000000000004,2021-12-27,2022-06-16,2023-06-12,366,True
v0_4_full_no_csp_e_gate,full_proxy,full,2016-07-25,2026-07-24,2514,1.9196451635372256,0.11314598763802608,0.0971484764774158,0.9160402874503916,1.3364034221865655,-0.16461270764694214,-0.009434226831267717,-0.014756533987775398,-0.03963906914773596,-0.05904577147061063,-0.07989908359882614,-0.1268888707462541,0.411289433121857,0.5887105668781429,1.0424281018898933,0.005210000000000001,2021-12-27,2022-06-16,2023-06-14,368,True
v0_4_full_no_csp_e_gate,full_proxy,first_half,2016-07-25,2020-12-31,1119,0.8329575688533042,0.14620475369905894,0.10077698665708444,1.2935605899024962,1.868180683052631,-0.11481742637990089,-0.010035644735983262,-0.016206316196211715,-0.03963906914773596,-0.04400273151363021,-0.07896443927752139,-0.11028883744989071,0.44739645654007903,0.552603543459921,1.41201072386059,0.0031350000000000006,2018-10-01,2018-12-24,2019-03-11,109,True
v0_4_full_no_csp_e_gate,full_proxy,second_half,2021-01-04,2026-07-24,1395,0.6005228834425849,0.0884448787983505,0.09414691242488178,0.5927997175274305,0.8729281272151098,-0.16461270764694214,-0.009035554064932472,-0.013532815243527894,-0.026074692233406194,-0.05904577147061063,-0.07989908359882614,-0.1268888707462541,0.382326164874552,0.617673835125448,0.7477984706462756,0.0020750000000000005,2021-12-27,2022-06-16,2023-06-14,368,True
v0_4_full_enriched_scores,full_proxy,full,2016-07-25,2026-07-24,2514,1.9516540209044773,0.11436087961156871,0.09465649141730884,0.9491753193457988,1.3911743645471744,-0.16465738482313375,-0.00907687001372665,-0.014199038964827857,-0.03963906914773607,-0.05904577147061063,-0.07994153214204491,-0.12692935631444524,0.40767899761336523,0.5923210023866348,1.0424281018898933,0.005210000000000001,2021-12-27,2022-06-16,2023-06-14,368,True
v0_4_full_enriched_scores,full_proxy,first_half,2016-07-25,2020-12-31,1119,0.8602570573344963,0.15002722018011605,0.09582440850593814,1.3900678951083858,2.023418639121107,-0.08389452270033892,-0.00917376037847203,-0.015126041645924099,-0.03963906914773607,-0.0440009868088036,-0.07507127477780118,-0.0793073851977758,0.4392850759606792,0.5607149240393208,1.41201072386059,0.0031350000000000006,2018-10-01,2018-12-24,2019-02-05,86,True
v0_4_full_enriched_scores,full_proxy,second_half,2021-01-04,2026-07-24,1395,0.5943281138191421,0.08768455903686556,0.09371334256704975,0.5876223079169348,0.866092435652647,-0.16465738482313375,-0.00898865047286973,-0.013455119142508814,-0.02609291493461352,-0.05904577147061063,-0.07994153214204491,-0.12692935631444524,0.382326164874552,0.617673835125448,0.7477984706462756,0.0020750000000000005,2021-12-27,2022-06-16,2023-06-14,368,True
