date,strategy_name,asset,group_id,strategy_type,action,option_type,side,strike,expiry,contracts,spot,mid,bid,ask,execution_price,iv,delta,cash_flow,pnl,execution_drag,reason
2017-04-21,v0_4_full_enriched_scores,QQQ,1,cash_secured_put,OPEN,put,-1,126.0,2017-05-19,8,132.56,0.35570612657943457,0.34570612657943456,0.3657061265794346,0.34570612657943456,0.15973808086904043,-0.12075327200123638,276.56490126354765,-13.200000000000006,13.200000000000006,CONDITIONAL_ENTRY_CSP
2017-04-21,v0_4_full_enriched_scores,QQQ,2,covered_call,OPEN,call,-1,139.0,2017-05-19,3,132.56,0.3302883501139462,0.3202883501139462,0.3402883501139462,0.3202883501139462,0.14653276704888352,0.12566499925262756,96.08650503418386,-4.950000000000003,4.950000000000003,GREED_EXHAUSTION_COVERED_CALL
2017-04-24,v0_4_full_enriched_scores,QQQ,1,cash_secured_put,CLOSE,put,-1,126.0,2017-05-19,8,134.16,0.06013310553429019,0.050133105534290186,0.07013310553429018,0.07013310553429018,0.13160286225402504,-0.032781651564224815,-56.10648442743214,-13.199999999999996,13.199999999999996,CSP_PROFIT_TARGET
2017-04-25,v0_4_full_enriched_scores,QQQ,2,covered_call,CLOSE,call,-1,139.0,2017-05-19,3,135.13,0.40327947536644615,0.393197488482285,0.4133614622506073,0.4133614622506073,0.11906813364907866,0.1821686150513947,-124.00843867518219,-4.9745960652483525,4.9745960652483525,CALL_STATE_EXIT
2017-05-19,v0_4_full_enriched_scores,QQQ,3,insurance,OPEN,put,1,130.0,2017-08-18,11,137.84,1.3502835695062814,1.3165264802686243,1.3840406587439384,1.3840406587439384,0.1564834979868187,-0.21241634784097074,-1522.4447246183322,-44.28279816142278,44.28279816142278,INSURANCE_MODEL_ENTRY_PROTECTIVE_PUT
2017-08-08,v0_4_full_enriched_scores,QQQ,3,insurance,CLOSE,put,1,130.0,2017-08-18,11,144.31,0.0001505395281112612,0.0,0.010150539528111261,0.0,0.17495345090430323,-0.0001462616598206587,0.0,-7.315593480922388,7.315593480922388,INSURANCE_DTE_ROLL
2017-08-16,v0_4_full_enriched_scores,QQQ,4,insurance,OPEN,put,1,135.0,2017-11-17,12,144.28,1.2267353060678836,1.1960669234161865,1.2574036887195807,1.2574036887195807,0.15696832743170933,-0.18815524554019927,-1508.8844264634968,-44.602059182036555,44.602059182036555,INSURANCE_MODEL_ENTRY_PROTECTIVE_PUT
2017-11-07,v0_4_full_enriched_scores,QQQ,4,insurance,CLOSE,put,1,135.0,2017-11-17,12,153.88,8.608335842429072e-07,0.0,0.010000860833584244,0.0,0.16718637899662073,-1.03060179094018e-06,0.0,-7.801033000301092,7.801033000301092,INSURANCE_DTE_ROLL
2017-12-11,v0_4_full_enriched_scores,QQQ,5,cash_secured_put,OPEN,put,-1,148.0,2018-01-19,7,155.9,0.4265309940427109,0.4158677191916431,0.43719426889377866,0.4158677191916431,0.13923893501231774,-0.11981193982138996,291.10740343415017,-12.01429239574744,12.01429239574744,CONDITIONAL_ENTRY_CSP
2018-01-02,v0_4_full_enriched_scores,QQQ,5,cash_secured_put,CLOSE,put,-1,148.0,2018-01-19,7,158.49,0.05385988663590746,0.04385988663590746,0.06385988663590746,0.06385988663590746,0.16412261025932237,-0.02507321042767681,-44.70192064513522,-11.549999999999997,11.549999999999997,CSP_PROFIT_TARGET
2018-01-18,v0_4_full_enriched_scores,QQQ,6,covered_call,OPEN,call,-1,172.0,2018-02-16,3,165.82,1.0212232525429812,0.9956926712294066,1.0467538338565556,0.9956926712294066,0.16760485466168132,0.22953809493576416,298.70780136882195,-9.609174394072365,9.609174394072365,GREED_EXHAUSTION_COVERED_CALL
2018-01-22,v0_4_full_enriched_scores,QQQ,6,covered_call,CLOSE,call,-1,172.0,2018-02-16,3,168.12,1.3613272795485614,1.3272940975598473,1.3953604615372754,1.3953604615372754,0.16177214132762313,0.3059243613913139,-418.60813846118265,-12.159954596614224,12.159954596614224,CALL_STATE_EXIT
2018-01-26,v0_4_full_enriched_scores,QQQ,7,covered_call,OPEN,call,-1,178.0,2018-03-16,2,170.93,1.5332614482150717,1.4949299120096948,1.5715929844204486,1.4949299120096948,0.16074972565980006,0.2596307665129731,298.98598240193894,-8.966307241075377,8.966307241075377,GREED_EXHAUSTION_COVERED_CALL
2018-01-30,v0_4_full_enriched_scores,QQQ,7,covered_call,CLOSE,call,-1,178.0,2018-03-16,2,168.7,1.2684334698417672,1.236722633095723,1.3001443065878113,1.3001443065878113,0.18206732343746795,0.2132357274766546,-260.02886131756225,-7.642167349208827,7.642167349208827,CALL_STATE_EXIT
2018-01-31,v0_4_full_enriched_scores,QQQ,8,insurance,OPEN,put,1,159.0,2018-04-20,9,169.4,1.7166070572253602,1.6736918807947263,1.7595222336559941,1.7595222336559941,0.17966147749898892,-0.20655983350567786,-1583.5700102903947,-44.47365878757053,44.47365878757053,INSURANCE_MODEL_ENTRY_PROTECTIVE_PUT
2018-02-05,v0_4_full_enriched_scores,QQQ,8,insurance,CLOSE,put,1,159.0,2018-04-20,2,158.12,7.073071062666784,6.8962442861001145,7.249897839233454,6.8962442861001145,0.23710109002678986,-0.49364264276753483,1379.248857220023,-36.665355313333954,36.665355313333954,INSURANCE_PARTIAL_MONETIZATION
2018-02-14,v0_4_full_enriched_scores,QQQ,8,insurance,CLOSE,put,1,159.0,2018-04-20,2,162.68,4.2073938576440355,4.102209011202935,4.312578704085136,4.102209011202935,0.22045882247164328,-0.37866008337205553,820.441802240587,-22.336969288220143,22.336969288220143,INSURANCE_PARTIAL_MONETIZATION
2018-04-10,v0_4_full_enriched_scores,QQQ,8,insurance,CLOSE,put,1,159.0,2018-04-20,5,161.21,2.1426418214125533,2.0890757758772396,2.196207866947867,2.0890757758772396,0.2971985853632461,-0.3780072370993311,1044.5378879386199,-30.033022767656874,30.033022767656874,INSURANCE_DTE_ROLL
2018-04-19,v0_4_full_enriched_scores,QQQ,9,cash_secured_put,OPEN,put,-1,149.0,2018-05-18,3,164.91,1.1078048055643208,1.0801096854252128,1.1354999257034288,1.0801096854252128,0.34100079351864016,-0.13298797360502448,324.0329056275639,-10.258536041732405,10.258536041732405,CONDITIONAL_ENTRY_CSP
2018-04-30,v0_4_full_enriched_scores,QQQ,9,cash_secured_put,CLOSE,put,-1,149.0,2018-05-18,3,160.94,0.23956281768943377,0.22956281768943376,0.24956281768943378,0.24956281768943378,0.2340363489499192,-0.0643851129634812,-74.86884530683014,-4.950000000000003,4.950000000000003,CSP_PROFIT_TARGET
2018-05-16,v0_4_full_enriched_scores,QQQ,10,cash_secured_put,OPEN,put,-1,152.0,2018-06-15,3,168.98,0.08827477359278202,0.07827477359278202,0.09827477359278201,0.07827477359278202,0.19228663155403003,-0.024650594531058122,23.48243207783461,-4.949999999999999,4.949999999999999,CONDITIONAL_ENTRY_CSP
2018-06-01,v0_4_full_enriched_scores,QQQ,10,cash_secured_put,CLOSE,put,-1,152.0,2018-06-15,3,172.74,0.00016222954590106378,0.0,0.010162229545901064,0.010162229545901064,0.1783126953803404,-0.00011077442875818955,-3.0486688637703194,-4.95,4.95,CSP_PROFIT_TARGET
2018-06-11,v0_4_full_enriched_scores,QQQ,11,cash_secured_put,OPEN,put,-1,157.0,2018-07-20,3,174.91,0.15547291291770637,0.14547291291770637,0.16547291291770638,0.14547291291770637,0.18851571556650454,-0.035556006262124525,43.641873875311916,-4.950000000000003,4.950000000000003,CONDITIONAL_ENTRY_CSP
2018-06-27,v0_4_full_enriched_scores,QQQ,12,insurance,OPEN,put,1,157.0,2018-09-21,8,169.73,1.9714298759160869,1.9221441290181847,2.020715622813989,2.020715622813989,0.20780691891516698,-0.19717178853316233,-1616.572498251191,-44.6285975183216,44.6285975183216,INSURANCE_MODEL_ENTRY_PROTECTIVE_PUT
2018-07-06,v0_4_full_enriched_scores,QQQ,11,cash_secured_put,CLOSE,put,-1,157.0,2018-07-20,3,175.61,0.008868097777155581,0.0,0.018868097777155583,0.018868097777155583,0.21695734867034905,-0.003807481971114726,-5.660429333146675,-4.950000000000001,4.950000000000001,CSP_PROFIT_TARGET
2018-09-11,v0_4_full_enriched_scores,QQQ,12,insurance,CLOSE,put,1,157.0,2018-09-21,8,183.12,1.0680765173847568e-05,0.0,0.010010680765173847,0.0,0.21644872214941022,-7.64658227764516e-06,0.0,-5.208544612139078,5.208544612139078,INSURANCE_DTE_ROLL
2018-09-18,v0_4_full_enriched_scores,QQQ,13,covered_call,OPEN,call,-1,191.0,2018-10-19,2,182.84,1.0254523256936992,0.9998160175513566,1.0510886338360417,0.9998160175513566,0.17099390873343034,0.2049853368598812,199.9632035102713,-6.4272616284685045,6.4272616284685045,GREED_EXHAUSTION_COVERED_CALL
2018-09-19,v0_4_full_enriched_scores,QQQ,13,covered_call,CLOSE,call,-1,191.0,2018-10-19,2,182.7,0.8928388733599135,0.8705179015259157,0.9151598451939114,0.9151598451939114,0.1666967159277504,0.18997155613459393,-183.03196903878228,-5.764194366799567,5.764194366799567,CALL_STATE_EXIT
2018-09-19,v0_4_full_enriched_scores,QQQ,14,cash_secured_put,OPEN,put,-1,174.0,2018-10-19,7,182.7,0.8217551692038718,0.801211289973775,0.8422990484339686,0.801211289973775,0.18107142857142855,-0.16061204679935048,560.8479029816425,-18.930715461067773,18.930715461067773,CONDITIONAL_ENTRY_CSP
2018-09-27,v0_4_full_enriched_scores,QQQ,15,covered_call,OPEN,call,-1,196.0,2018-11-16,2,185.83,1.3090749247966542,1.2763480516767378,1.3418017979165706,1.2763480516767378,0.16524283481537994,0.20957482301283475,255.26961033534755,-7.84537462398328,7.84537462398328,GREED_EXHAUSTION_COVERED_CALL
2018-09-28,v0_4_full_enriched_scores,QQQ,15,covered_call,CLOSE,call,-1,196.0,2018-11-16,2,185.79,1.245370852911016,1.2142365815882405,1.2765051242337913,1.2765051242337913,0.16419766695905888,0.20412562385886135,-255.30102484675825,-7.5268542645550705,7.5268542645550705,CALL_STATE_EXIT
2018-10-01,v0_4_full_enriched_scores,QQQ,14,cash_secured_put,CLOSE,put,-1,174.0,2018-10-19,7,186.17,0.15846111635654303,0.14846111635654302,0.16846111635654304,0.16846111635654304,0.187657691894505,-0.04837340903939694,-117.92278144958013,-11.550000000000006,11.550000000000006,CSP_PROFIT_TARGET
2018-10-04,v0_4_full_enriched_scores,QQQ,16,covered_call,OPEN,call,-1,191.0,2018-11-16,2,182.38,1.779600696501312,1.7351106790887791,1.824090713913845,1.7351106790887791,0.18936495303576115,0.2574139478034959,347.02213581775584,-10.198003482506579,10.198003482506579,GREED_EXHAUSTION_COVERED_CALL
2018-10-05,v0_4_full_enriched_scores,QQQ,16,covered_call,CLOSE,call,-1,191.0,2018-11-16,2,180.15,1.4026762639276313,1.3676093573294406,1.4377431705258221,1.4377431705258221,0.19933934185282465,0.2100260610361047,-287.5486341051644,-8.313381319638157,8.313381319638157,CALL_STATE_EXIT
2018-10-08,v0_4_full_enriched_scores,QQQ,17,insurance,OPEN,put,1,165.0,2019-01-18,7,179.05,2.3580818327619966,2.2991297869429466,2.4170338785810466,2.4170338785810466,0.20882312360070546,-0.2019105197921861,-1691.9237150067327,-45.816432073335,45.816432073335,INSURANCE_MODEL_ENTRY_PROTECTIVE_PUT
2018-10-11,v0_4_full_enriched_scores,QQQ,17,insurance,CLOSE,put,1,165.0,2019-01-18,2,169.6,5.190014357674265,5.060263998732409,5.319764716616121,5.060263998732409,0.21760057859326787,-0.3680058059515779,1012.0527997464817,-27.250071788371255,27.250071788371255,INSURANCE_PARTIAL_MONETIZATION
2018-10-18,v0_4_full_enriched_scores,QQQ,17,insurance,CLOSE,put,1,165.0,2019-01-18,1,173.18,3.8159257081804583,3.7205275654759467,3.91132385088497,3.7205275654759467,0.2195212445010503,-0.297620119459319,372.05275654759464,-10.189814270451164,10.189814270451164,INSURANCE_PARTIAL_MONETIZATION
2019-01-08,v0_4_full_enriched_scores,QQQ,17,insurance,CLOSE,put,1,165.0,2019-01-18,4,159.52,7.173006291616673,6.993681134326256,7.35233144890709,6.993681134326256,0.3628486642189505,-0.7001070690864089,2797.4724537305024,-74.33006291616665,74.33006291616665,INSURANCE_DTE_ROLL
2019-03-11,v0_4_full_enriched_scores,QQQ,18,insurance,OPEN,put,1,161.0,2019-06-21,7,174.73,2.3769332029659296,2.3175098728917813,2.436356533040078,2.436356533040078,0.21256469568313857,-0.2040401737118239,-1705.4495731280545,-46.146331051903765,46.146331051903765,INSURANCE_MODEL_ENTRY_PROTECTIVE_PUT
2019-05-16,v0_4_full_enriched_scores,QQQ,18,insurance,CLOSE,put,1,161.0,2019-06-21,3,184.93,0.09260400272206137,0.08260400272206138,0.10260400272206137,0.08260400272206138,0.2196945893951036,-0.01938597124638879,24.781200816618412,-4.949999999999999,4.949999999999999,INSURANCE_PARTIAL_MONETIZATION
2019-06-11,v0_4_full_enriched_scores,QQQ,18,insurance,CLOSE,put,1,161.0,2019-06-21,4,183.4,0.000865879906064862,0.0,0.010865879906064862,0.0,0.2392442748091603,-0.0004504927797825685,0.0,-2.946351962425945,2.946351962425945,INSURANCE_DTE_ROLL
2019-08-02,v0_4_full_enriched_scores,QQQ,19,insurance,OPEN,put,1,173.0,2019-10-18,8,187.35,2.244094988101338,2.1879926133988046,2.3001973628038717,2.3001973628038717,0.22519924799187233,-0.19785263918418414,-1840.1578902430974,-50.081899762026836,50.081899762026836,INSURANCE_MODEL_ENTRY_PROTECTIVE_PUT
2019-08-12,v0_4_full_enriched_scores,QQQ,19,insurance,CLOSE,put,1,173.0,2019-10-18,4,184.35,2.981138574707849,2.9066101103401527,3.055667039075545,2.9066101103401527,0.24347471497023376,-0.24716085009243563,1162.644044136061,-32.41138574707849,32.41138574707849,INSURANCE_PARTIAL_MONETIZATION
2019-10-08,v0_4_full_enriched_scores,QQQ,19,insurance,CLOSE,put,1,173.0,2019-10-18,4,185.42,0.16418419208473978,0.15418419208473977,0.1741841920847398,0.15418419208473977,0.25751105598101603,-0.049071104273087425,61.67367683389591,-6.600000000000003,6.600000000000003,INSURANCE_DTE_ROLL
2019-10-16,v0_4_full_enriched_scores,QQQ,20,insurance,OPEN,put,1,177.0,2020-01-17,7,193.04,2.5653546101076756,2.501220744854984,2.6294884753603673,2.6294884753603673,0.22416722073196269,-0.19926265783639496,-1840.6419327522572,-49.44370567688419,49.44370567688419,INSURANCE_MODEL_ENTRY_PROTECTIVE_PUT
2020-01-07,v0_4_full_enriched_scores,QQQ,20,insurance,CLOSE,put,1,177.0,2020-01-17,7,215.53,2.6109144244267975e-08,0.0,0.010000026109144244,0.0,0.2174882266969795,-1.9498739079930725e-08,0.0,-4.550018276400971,4.550018276400971,INSURANCE_DTE_ROLL
2020-01-07,v0_4_full_enriched_scores,QQQ,21,covered_call,OPEN,call,-1,225.0,2020-02-21,2,215.53,1.9286765030680826,1.8804595904913806,1.9768934156447846,1.8804595904913806,0.17265977407046026,0.25370134658799587,376.0919180982761,-10.943382515340405,10.943382515340405,GREED_EXHAUSTION_COVERED_CALL
2020-01-10,v0_4_full_enriched_scores,QQQ,21,covered_call,CLOSE,call,-1,225.0,2020-02-21,2,218.43,2.483295654769009,2.4212132633997836,2.545378046138234,2.545378046138234,0.16807140518342298,0.3171938476158763,-509.0756092276468,-13.716478273845045,13.716478273845045,CALL_STATE_EXIT
2020-01-27,v0_4_full_enriched_scores,QQQ,22,insurance,OPEN,put,1,202.0,2020-04-17,7,218.1,2.6508850022170023,2.584612877161577,2.7171571272724275,2.7171571272724275,0.21464260014077557,-0.20383268671637694,-1902.0099890906993,-50.94048753879766,50.94048753879766,INSURANCE_MODEL_ENTRY_PROTECTIVE_PUT
2020-02-27,v0_4_full_enriched_scores,QQQ,22,insurance,CLOSE,put,1,202.0,2020-04-17,2,205.64,8.589510279084948,8.374772522107824,8.804248036062072,8.374772522107824,0.3463517666044231,-0.4157926234172418,1674.9545044215647,-44.24755139542481,44.24755139542481,INSURANCE_PARTIAL_MONETIZATION
2020-03-16,v0_4_full_enriched_scores,QQQ,22,insurance,CLOSE,put,1,202.0,2020-04-17,1,169.3,38.12936061859345,37.176126603128615,39.08259463405829,37.176126603128615,0.7767249683164884,-0.743164561302351,3717.6126603128614,-95.97340154648367,95.97340154648367,INSURANCE_PARTIAL_MONETIZATION
2020-04-07,v0_4_full_enriched_scores,QQQ,22,insurance,CLOSE,put,1,202.0,2020-04-17,4,196.4,14.089987109504065,13.737737431766464,14.442236787241667,13.737737431766464,0.8404344850634161,-0.553124653234948,5495.094972706585,-143.49987109504065,143.49987109504065,INSURANCE_DTE_ROLL
2020-08-20,v0_4_full_enriched_scores,QQQ,23,covered_call,OPEN,call,-1,296.0,2020-09-18,2,279.93,3.1657420602470268,3.086598508740851,3.2448856117532023,3.086598508740851,0.27950201693280463,0.25007647831251195,617.3197017481702,-17.128710301235117,17.128710301235117,GREED_EXHAUSTION_COVERED_CALL
2020-08-21,v0_4_full_enriched_scores,QQQ,23,covered_call,CLOSE,call,-1,296.0,2020-09-18,2,281.87,3.61289999947131,3.522577499484527,3.7032224994580925,3.7032224994580925,0.28189588178947744,0.2767897273287299,-740.6444998916185,-19.364499997356532,19.364499997356532,CALL_STATE_EXIT
2020-08-25,v0_4_full_enriched_scores,QQQ,24,insurance,OPEN,put,1,253.0,2020-11-20,4,285.86,5.519286329627448,5.381304171386762,5.6572684878681345,5.6572684878681345,0.3265330998097004,-0.20047062730229623,-2262.9073951472537,-57.792863296274554,57.792863296274554,INSURANCE_MODEL_ENTRY_PROTECTIVE_PUT
2020-09-11,v0_4_full_enriched_scores,QQQ,24,insurance,CLOSE,put,1,253.0,2020-11-20,2,270.45,8.7414737235311,8.522936880442824,8.960010566619378,8.522936880442824,0.34800496434160266,-0.3054514291976015,1704.5873760885647,-45.00736861765536,45.00736861765536,INSURANCE_PARTIAL_MONETIZATION
2020-11-10,v0_4_full_enriched_scores,QQQ,24,insurance,CLOSE,put,1,253.0,2020-11-20,2,283.42,0.23043257481759838,0.22043257481759837,0.2404325748175984,0.22043257481759837,0.37767258838472945,-0.032478181190390296,44.086514963519676,-3.3000000000000016,3.3000000000000016,INSURANCE_DTE_ROLL
2020-12-07,v0_4_full_enriched_scores,QQQ,25,cash_secured_put,OPEN,put,-1,283.0,2021-01-15,6,307.25,3.7333259979731253,3.6399928480237973,3.826659147922453,3.6399928480237973,0.3167149032817477,-0.199963645903124,2183.9957088142783,-59.89988996959677,59.89988996959677,CONDITIONAL_ENTRY_CSP
2020-12-16,v0_4_full_enriched_scores,QQQ,26,covered_call,OPEN,call,-1,331.0,2021-01-15,2,308.98,2.573889824951891,2.5095425793280937,2.6382370705756886,2.5095425793280937,0.27254566314971845,0.1984961087601587,501.9085158656187,-14.169449124759492,14.169449124759492,GREED_EXHAUSTION_COVERED_CALL
2020-12-17,v0_4_full_enriched_scores,QQQ,26,covered_call,CLOSE,call,-1,331.0,2021-01-15,2,311.0,2.6908810193376596,2.623608993854218,2.758153044821101,2.758153044821101,0.26518327974276523,0.21146034543840686,-551.6306089642202,-14.754405096688316,14.754405096688316,CALL_STATE_EXIT
2020-12-28,v0_4_full_enriched_scores,QQQ,25,cash_secured_put,CLOSE,put,-1,283.0,2021-01-15,6,312.68,0.5549272529329485,0.5410540716096248,0.5688004342562722,0.5688004342562722,0.29599117308430345,-0.0609539932316994,-341.28026055376336,-12.223908793994228,12.223908793994228,CSP_PROFIT_TARGET
2020-12-31,v0_4_full_enriched_scores,QQQ,27,covered_call,OPEN,call,-1,344.0,2021-02-19,2,313.74,3.48790446402473,3.4007068524241117,3.5751020756253484,3.4007068524241117,0.28123044938915365,0.20064012653889654,680.1413704848223,-18.73952232012367,18.73952232012367,GREED_EXHAUSTION_COVERED_CALL
2021-01-06,v0_4_full_enriched_scores,QQQ,27,covered_call,CLOSE,call,-1,344.0,2021-02-19,2,307.54,2.1680085665348017,2.1138083523714317,2.2222087806981716,2.2222087806981716,0.2901626222369071,0.14280004353638795,-444.4417561396343,-12.140042832673991,12.140042832673991,CALL_STATE_EXIT
2021-01-06,v0_4_full_enriched_scores,QQQ,28,cash_secured_put,OPEN,put,-1,280.0,2021-02-19,6,307.54,4.270823559669871,4.164052970678124,4.377594148661618,4.164052970678124,0.3412762920254922,-0.19859426169352049,2498.431782406875,-67.96235339504818,67.96235339504818,CONDITIONAL_ENTRY_CSP
2021-01-20,v0_4_full_enriched_scores,QQQ,28,cash_secured_put,CLOSE,put,-1,280.0,2021-02-19,6,323.77,0.6956585666850295,0.6782671025179037,0.7130500308521552,0.7130500308521552,0.32222552274762944,-0.05318876926487473,-427.83001851129313,-14.334878500275469,14.334878500275469,CSP_PROFIT_TARGET
2021-01-28,v0_4_full_enriched_scores,QQQ,29,cash_secured_put,OPEN,put,-1,287.0,2021-03-19,6,321.32,5.538000846596368,5.399550825431459,5.676450867761278,5.399550825431459,0.3922262509251996,-0.19853655383965332,3239.730495258875,-86.97001269894574,86.97001269894574,CONDITIONAL_ENTRY_CSP
2021-01-28,v0_4_full_enriched_scores,QQQ,30,covered_call,OPEN,call,-1,358.0,2021-03-19,2,321.32,4.111460124794924,4.008673621675051,4.214246627914797,4.008673621675051,0.32648626953354143,0.20048815105346293,801.7347243350102,-21.857300623974584,21.857300623974584,GREED_EXHAUSTION_COVERED_CALL
2021-01-29,v0_4_full_enriched_scores,QQQ,30,covered_call,CLOSE,call,-1,358.0,2021-03-19,2,314.56,3.1819917682028276,3.102441973997757,3.2615415624078983,3.2615415624078983,0.3394360967549836,0.1626484588290195,-652.3083124815796,-17.20995884101414,17.20995884101414,CALL_STATE_EXIT
2021-02-01,v0_4_full_enriched_scores,QQQ,31,insurance,OPEN,put,1,282.0,2021-04-16,3,322.42,6.903800941073612,6.731205917546772,7.076395964600453,7.076395964600453,0.3915940276925482,-0.19958140877516992,-2122.918789380136,-53.728507058052095,53.728507058052095,INSURANCE_MODEL_ENTRY_PROTECTIVE_PUT
2021-02-09,v0_4_full_enriched_scores,QQQ,29,cash_secured_put,CLOSE,put,-1,287.0,2021-03-19,6,333.51,1.2905752688969727,1.2583108871745483,1.3228396506193971,1.3228396506193971,0.33662003733883766,-0.07594642000839077,-793.7037903716382,-23.258629033454646,23.258629033454646,CSP_PROFIT_TARGET
2021-04-06,v0_4_full_enriched_scores,QQQ,31,insurance,CLOSE,put,1,282.0,2021-04-16,3,330.82,0.0018231669074456613,0.0,0.011823166907445662,0.0,0.2914162686657397,-0.0004319728306360644,0.0,-2.4969500722336986,2.4969500722336986,INSURANCE_DTE_ROLL
2021-04-21,v0_4_full_enriched_scores,QQQ,32,covered_call,OPEN,call,-1,355.0,2021-05-21,2,339.29,3.155112012220343,3.0762342119148345,3.2339898125258513,3.0762342119148345,0.2250301258510419,0.24954253582465963,615.2468423829669,-17.07556006110168,17.07556006110168,GREED_EXHAUSTION_COVERED_CALL
2021-04-22,v0_4_full_enriched_scores,QQQ,32,covered_call,CLOSE,call,-1,355.0,2021-05-21,2,335.2,2.43187862932254,2.3710816635894765,2.4926755950556037,2.4926755950556037,0.2357470167064439,0.20138615372101218,-498.53511901112074,-13.459393146612719,13.459393146612719,CALL_STATE_EXIT
2021-05-04,v0_4_full_enriched_scores,QQQ,33,covered_call,OPEN,call,-1,358.0,2021-06-18,2,330.14,3.359162432194104,3.2751833713892515,3.4431414929989566,3.2751833713892515,0.2654215561426967,0.20334102090298178,655.0366742778504,-18.095812160970503,18.095812160970503,GREED_EXHAUSTION_COVERED_CALL
2021-05-05,v0_4_full_enriched_scores,QQQ,33,covered_call,CLOSE,call,-1,358.0,2021-06-18,2,329.03,3.0035324332695694,2.9284441224378304,3.0786207441013085,3.0786207441013085,0.26408678882715964,0.1889640839493783,-615.7241488202617,-16.317662166347812,16.317662166347812,CALL_STATE_EXIT
2021-05-12,v0_4_full_enriched_scores,QQQ,34,cash_secured_put,OPEN,put,-1,290.0,2021-06-18,6,316.89,4.26466774814471,4.158051054441092,4.371284441848328,4.158051054441092,0.35503904454735546,-0.20144832850123623,2494.8306326646552,-67.87001622217076,67.87001622217076,CONDITIONAL_ENTRY_CSP
2021-05-20,v0_4_full_enriched_scores,QQQ,34,cash_secured_put,CLOSE,put,-1,290.0,2021-06-18,6,328.83,0.6376139357859358,0.6216735873912874,0.6535542841805843,0.6535542841805843,0.2853358270230818,-0.05506640167373918,-392.13257050835057,-13.464209036789052,13.464209036789052,CSP_PROFIT_TARGET
2021-05-28,v0_4_full_enriched_scores,QQQ,35,cash_secured_put,OPEN,put,-1,308.0,2021-07-16,6,333.93,4.005354430826259,3.905220570055602,4.105488291596915,3.905220570055602,0.277748455798257,-0.20074667181913103,2343.132342033361,-63.98031646239394,63.98031646239394,CONDITIONAL_ENTRY_CSP
2021-06-11,v0_4_full_enriched_scores,QQQ,35,cash_secured_put,CLOSE,put,-1,308.0,2021-07-16,6,341.24,0.9380510342346753,0.9145997583788084,0.9615023100905422,0.9615023100905422,0.24005238794839442,-0.07929301165470826,-576.9013860543254,-17.970765513520156,17.970765513520156,CSP_PROFIT_TARGET
2021-06-17,v0_4_full_enriched_scores,QQQ,36,covered_call,OPEN,call,-1,359.0,2021-07-16,2,345.34,2.89375502828112,2.8214111525740924,2.966098903988148,2.8214111525740924,0.2010851537615104,0.2536601343573325,564.2822305148185,-15.768775141405566,15.768775141405566,GREED_EXHAUSTION_COVERED_CALL
2021-06-22,v0_4_full_enriched_scores,QQQ,36,covered_call,CLOSE,call,-1,359.0,2021-07-16,2,347.57,2.8182528734714367,2.747796551634651,2.8887091953082225,2.8887091953082225,0.19802687228471963,0.2683149044351543,-577.7418390616444,-15.391264367357149,15.391264367357149,CALL_STATE_EXIT
2021-07-14,v0_4_full_enriched_scores,QQQ,37,covered_call,OPEN,call,-1,381.0,2021-08-20,2,363.07,3.618531650992878,3.5280683597180564,3.7089949422677,3.5280683597180564,0.21629522201400356,0.2507146196732126,705.6136719436113,-19.392658254964356,19.392658254964356,GREED_EXHAUSTION_COVERED_CALL
2021-07-15,v0_4_full_enriched_scores,QQQ,37,covered_call,CLOSE,call,-1,381.0,2021-08-20,2,360.52,2.855715679873043,2.784322787876217,2.9271085718698693,2.9271085718698693,0.21429792839174305,0.2136378383424882,-585.4217143739738,-15.578578399365217,15.578578399365217,CALL_STATE_EXIT
2021-08-03,v0_4_full_enriched_scores,QQQ,38,covered_call,OPEN,call,-1,388.0,2021-09-17,2,366.81,4.333520272488585,4.22518226567637,4.441858279300799,4.22518226567637,0.22994941052032677,0.25393600286929074,845.036453135274,-22.967601362442924,22.967601362442924,GREED_EXHAUSTION_COVERED_CALL
2021-08-04,v0_4_full_enriched_scores,QQQ,38,covered_call,CLOSE,call,-1,388.0,2021-09-17,2,367.34,4.339374388811336,4.230890029091053,4.44785874853162,4.44785874853162,0.22935754777846853,0.25649874951785284,-889.571749706324,-22.996871944056718,22.996871944056718,CALL_STATE_EXIT
2021-08-13,v0_4_full_enriched_scores,QQQ,39,cash_secured_put,OPEN,put,-1,349.0,2021-09-17,5,368.82,2.8242096252424744,2.7536043846114127,2.894814865873536,2.7536043846114127,0.21729575841769894,-0.1979426121120102,1376.8021923057063,-38.55262031553089,38.55262031553089,CONDITIONAL_ENTRY_CSP
2021-08-18,v0_4_full_enriched_scores,QQQ,40,covered_call,OPEN,call,-1,380.0,2021-09-17,2,362.21,3.6315031405710556,3.5407155620567794,3.722290719085332,3.5407155620567794,0.23991213798625108,0.2520889731733092,708.1431124113559,-19.457515702855243,19.457515702855243,GREED_EXHAUSTION_COVERED_CALL
2021-08-20,v0_4_full_enriched_scores,QQQ,40,covered_call,CLOSE,call,-1,380.0,2021-09-17,2,367.73,3.765307570324751,3.6711748810666323,3.8594402595828696,3.8594402595828696,0.20760089005520355,0.29187839441892605,-771.8880519165739,-20.126537851623738,20.126537851623738,CALL_STATE_EXIT
2021-08-27,v0_4_full_enriched_scores,QQQ,39,cash_secured_put,CLOSE,put,-1,349.0,2021-09-17,5,376.04,0.5112479686051188,0.4984667693899908,0.5240291678202468,0.5240291678202468,0.20539740453143282,-0.06243908733004969,-262.0145839101234,-9.640599607563995,9.640599607563995,CSP_PROFIT_TARGET
2021-09-15,v0_4_full_enriched_scores,QQQ,41,covered_call,OPEN,call,-1,397.0,2021-10-15,2,378.05,2.3466291186564803,2.2879633906900683,2.4052948466228923,2.2879633906900683,0.19817441608252878,0.2007878144286427,457.59267813801364,-13.033145593282402,13.033145593282402,GREED_EXHAUSTION_COVERED_CALL
2021-09-21,v0_4_full_enriched_scores,QQQ,41,covered_call,CLOSE,call,-1,397.0,2021-10-15,2,366.15,1.328630237779734,1.2954144818352407,1.3618459937242275,1.3618459937242275,0.25752194182712,0.11573435039680949,-272.3691987448455,-7.943151188898688,7.943151188898688,CALL_STATE_EXIT
2021-11-15,v0_4_full_enriched_scores,QQQ,42,covered_call,OPEN,call,-1,413.0,2021-12-17,2,394.61,3.5475176538929105,3.4588297125455876,3.6362055952402335,3.4588297125455876,0.21516719442553664,0.24544867256333,691.7659425091175,-19.03758826946459,19.03758826946459,GREED_EXHAUSTION_COVERED_CALL
2021-11-19,v0_4_full_enriched_scores,QQQ,42,covered_call,CLOSE,call,-1,413.0,2021-12-17,2,403.99,5.855672279268759,5.70928047228704,6.002064086250479,6.002064086250479,0.21604475977128149,0.36542582353005976,-1200.4128172500957,-30.578361396343833,30.578361396343833,CALL_STATE_EXIT
2021-11-24,v0_4_full_enriched_scores,QQQ,43,insurance,OPEN,put,1,360.0,2022-02-18,4,398.76,6.194449191018023,6.039587961242573,6.349310420793474,6.349310420793474,0.269102295847567,-0.19990022430334348,-2539.7241683173897,-64.54449191018023,64.54449191018023,INSURANCE_MODEL_ENTRY_PROTECTIVE_PUT
2021-12-08,v0_4_full_enriched_scores,QQQ,43,insurance,CLOSE,put,1,360.0,2022-02-18,2,399.61,5.1042477442975525,4.976641550690114,5.231853937904991,4.976641550690114,0.2750853321711575,-0.18143793048653664,995.3283101380227,-26.821238721487727,26.821238721487727,INSURANCE_PARTIAL_MONETIZATION
2022-02-08,v0_4_full_enriched_scores,QQQ,43,insurance,CLOSE,put,1,360.0,2022-02-18,2,359.12,7.436662681527025,7.25074611448885,7.6225792485652,7.25074611448885,0.29393559970964195,-0.5107512023658132,1450.14922289777,-38.48331340763505,38.48331340763505,INSURANCE_DTE_ROLL
2022-02-16,v0_4_full_enriched_scores,QQQ,44,insurance,OPEN,put,1,316.0,2022-05-20,4,356.04,6.5108098505207295,6.348039604257711,6.6735800967837475,6.6735800967837475,0.3055635205198938,-0.1976083648059156,-2669.432038713499,-67.70809850520722,67.70809850520722,INSURANCE_MODEL_ENTRY_PROTECTIVE_PUT
2022-02-17,v0_4_full_enriched_scores,QQQ,44,insurance,CLOSE,put,1,316.0,2022-05-20,2,345.45,8.682596741887352,8.465531823340168,8.899661660434536,8.465531823340168,0.3030730715434181,-0.25435988795359915,1693.1063646680336,-44.712983709436756,44.712983709436756,INSURANCE_PARTIAL_MONETIZATION
2022-05-10,v0_4_full_enriched_scores,QQQ,44,insurance,CLOSE,put,1,316.0,2022-05-20,2,300.76,17.91858445632667,17.470619844918502,18.366549067734837,17.470619844918502,0.4008,-0.7611821772641114,3494.1239689837003,-90.89292228163349,90.89292228163349,INSURANCE_DTE_ROLL
2022-08-23,v0_4_full_enriched_scores,QQQ,45,insurance,OPEN,put,1,278.0,2022-11-18,4,314.1,6.447098257469719,6.285920801032976,6.608275713906462,6.608275713906462,0.34568325951982404,-0.20038382476306185,-2643.310285562585,-67.07098257469718,67.07098257469718,INSURANCE_MODEL_ENTRY_PROTECTIVE_PUT
2022-09-23,v0_4_full_enriched_scores,QQQ,45,insurance,CLOSE,put,1,278.0,2022-11-18,1,275.51,14.894732540001428,14.522364226501391,15.267100853501464,14.522364226501391,0.32930246956077075,-0.48934507570275354,1452.236422650139,-37.88683135000364,37.88683135000364,INSURANCE_PARTIAL_MONETIZATION
2022-10-03,v0_4_full_enriched_scores,QQQ,45,insurance,CLOSE,put,1,278.0,2022-11-18,1,273.53,15.097679091476095,14.720237114189192,15.475121068762999,14.720237114189192,0.3402110802581756,-0.5181121045769821,1472.0237114189192,-38.39419772869031,38.39419772869031,INSURANCE_PARTIAL_MONETIZATION
2022-11-08,v0_4_full_enriched_scores,QQQ,45,insurance,CLOSE,put,1,278.0,2022-11-18,2,269.54,10.700505313473855,10.432992680637009,10.9680179463107,10.432992680637009,0.3153,-0.7078016966333137,2086.5985361274015,-54.8025265673692,54.8025265673692,INSURANCE_DTE_ROLL
2023-03-14,v0_4_full_enriched_scores,QQQ,46,insurance,OPEN,put,1,262.0,2023-06-16,4,297.37,6.602402480620505,6.437342418604993,6.767462542636017,6.767462542636017,0.35992404098036196,-0.1992001237937326,-2706.985017054407,-68.6240248062049,68.6240248062049,INSURANCE_MODEL_ENTRY_PROTECTIVE_PUT
2023-06-06,v0_4_full_enriched_scores,QQQ,46,insurance,CLOSE,put,1,262.0,2023-06-16,4,354.84,8.815932491506616e-13,0.0,0.010000000000881594,0.0,0.25816181941156574,-4.312492649964533e-13,0.0,-2.6000000003526376,2.6000000003526376,INSURANCE_DTE_ROLL
2023-10-17,v0_4_full_enriched_scores,QQQ,47,cash_secured_put,OPEN,put,-1,350.0,2023-11-17,5,368.2,2.9706633127594557,2.896396729940469,3.0449298955784423,2.896396729940469,0.2362217937982544,-0.2023949030157946,1448.1983649702347,-40.38329140949328,40.38329140949328,CONDITIONAL_ENTRY_CSP
2023-10-23,v0_4_full_enriched_scores,QQQ,48,insurance,OPEN,put,1,326.0,2024-01-19,5,355.67,5.497967487542567,5.360518300354003,5.635416674731132,5.635416674731132,0.261967118980972,-0.20165654734105196,-2817.708337365566,-71.97459359428218,71.97459359428218,INSURANCE_MODEL_ENTRY_PROTECTIVE_PUT
2023-11-03,v0_4_full_enriched_scores,QQQ,47,cash_secured_put,CLOSE,put,-1,350.0,2023-11-17,5,367.71,0.6252543921781637,0.6096230323737096,0.6408857519826178,0.6408857519826178,0.1998349511848083,-0.09184881939230136,-320.4428759913089,-11.065679902227036,11.065679902227036,CSP_PROFIT_TARGET
2024-01-08,v0_4_full_enriched_scores,QQQ,48,insurance,CLOSE,put,1,326.0,2024-01-19,5,404.95,8.85527105592163e-09,0.0,0.010000008855271057,0.0,0.21790597604642548,-3.5106295564468118e-09,0.0,-3.250004427635528,3.250004427635528,INSURANCE_RECOVERY_EXIT
2024-04-18,v0_4_full_enriched_scores,QQQ,49,insurance,OPEN,put,1,392.0,2024-07-19,5,423.41,5.51648424545273,5.378572139316412,5.654396351589049,5.654396351589049,0.2239005595253082,-0.19731240582722825,-2827.198175794524,-72.20605306815922,72.20605306815922,INSURANCE_MODEL_ENTRY_PROTECTIVE_PUT
2024-07-09,v0_4_full_enriched_scores,QQQ,49,insurance,CLOSE,put,1,392.0,2024-07-19,5,497.77,1.2221536083591484e-10,0.0,0.010000000122215361,0.0,0.22444810856419628,-4.4523285423257555e-11,0.0,-3.2500000611076802,3.2500000611076802,INSURANCE_DTE_ROLL
2024-08-06,v0_4_full_enriched_scores,QQQ,50,insurance,OPEN,put,1,402.0,2024-11-15,4,439.53,6.856448347321731,6.6850371386386875,7.027859556004774,7.027859556004774,0.25013443865099366,-0.1993126797144773,-2811.14382240191,-71.1644834732173,71.1644834732173,INSURANCE_MODEL_ENTRY_PROTECTIVE_PUT
2024-11-05,v0_4_full_enriched_scores,QQQ,50,insurance,CLOSE,put,1,402.0,2024-11-15,4,492.21,4.06438434130919e-05,0.0,0.010040643843413091,0.0,0.28685545803620405,-8.127258723234245e-06,0.0,-2.616257537365237,2.616257537365237,INSURANCE_DTE_ROLL
2024-11-07,v0_4_full_enriched_scores,QQQ,51,cash_secured_put,OPEN,put,-1,489.0,2024-12-20,4,513.54,4.094503327944793,3.9921407447461728,4.196865911143412,3.9921407447461728,0.19694517287379978,-0.2034884122121218,1596.8562978984692,-43.54503327944796,43.54503327944796,CONDITIONAL_ENTRY_CSP
2024-12-02,v0_4_full_enriched_scores,QQQ,51,cash_secured_put,CLOSE,put,-1,489.0,2024-12-20,4,515.29,0.6929633099153705,0.6756392271674863,0.7102873926632547,0.7102873926632547,0.17353659104581884,-0.07644913364718453,-284.1149570653019,-9.529633099153687,9.529633099153687,CSP_PROFIT_TARGET
2024-12-19,v0_4_full_enriched_scores,QQQ,52,insurance,OPEN,put,1,473.0,2025-03-21,4,514.17,7.346376392325311,7.162716982517178,7.530035802133444,7.530035802133444,0.2390821828718984,-0.2008576352965493,-3012.0143208533777,-76.0637639232531,76.0637639232531,INSURANCE_MODEL_ENTRY_PROTECTIVE_PUT
2025-03-11,v0_4_full_enriched_scores,QQQ,52,insurance,CLOSE,put,1,473.0,2025-03-21,4,471.6,9.410016176891418,9.174765772469133,9.645266581313702,9.174765772469133,0.287,-0.5067597005955191,3669.906308987653,-96.70016176891389,96.70016176891389,INSURANCE_DTE_ROLL
2025-04-02,v0_4_full_enriched_scores,QQQ,53,insurance,OPEN,put,1,438.0,2025-06-20,5,476.15,6.567260684365252,6.40307916725612,6.731442201474383,6.731442201474383,0.2511873609663883,-0.19977137978116183,-3365.7211007371916,-85.34075855456582,85.34075855456582,INSURANCE_MODEL_ENTRY_PROTECTIVE_PUT
2025-04-03,v0_4_full_enriched_scores,QQQ,53,insurance,CLOSE,put,1,438.0,2025-06-20,1,450.66,14.007119237570095,13.656941256630843,14.357297218509347,13.656941256630843,0.2586061797564505,-0.35761117493083794,1365.6941256630842,-35.6677980939252,35.6677980939252,INSURANCE_PARTIAL_MONETIZATION
2025-04-16,v0_4_full_enriched_scores,QQQ,53,insurance,CLOSE,put,1,438.0,2025-06-20,1,444.18,26.480069429982677,25.81806769423311,27.142071165732244,25.81806769423311,0.4168400740582998,-0.4184300132115894,2581.806769423311,-66.85017357495663,66.85017357495663,INSURANCE_PARTIAL_MONETIZATION
2025-06-10,v0_4_full_enriched_scores,QQQ,53,insurance,CLOSE,put,1,438.0,2025-06-20,3,534.21,3.2355134575108623e-06,0.0,0.010003235513457512,0.0,0.25174305048576406,-7.478195469970443e-07,0.0,-1.9509706540372533,1.9509706540372533,INSURANCE_DTE_ROLL
2025-08-04,v0_4_full_enriched_scores,QQQ,54,insurance,OPEN,put,1,524.0,2025-10-17,5,564.1,6.92622439665044,6.753068786734179,7.099380006566701,7.099380006566701,0.23064616841546576,-0.20105338412584312,-3549.69000328335,-89.8278049581305,89.8278049581305,INSURANCE_MODEL_ENTRY_PROTECTIVE_PUT
2025-10-07,v0_4_full_enriched_scores,QQQ,54,insurance,CLOSE,put,1,524.0,2025-10-17,5,604.51,0.0014699470888614175,0.0,0.011469947088861418,0.0,0.24979281566888883,-0.00023169052999474354,0.0,-3.9849735444307086,3.9849735444307086,INSURANCE_DTE_ROLL
2025-10-13,v0_4_full_enriched_scores,QQQ,55,covered_call,OPEN,call,-1,636.0,2025-11-21,2,602.01,6.119194205528544,5.96621435039033,6.2721740606667575,5.96621435039033,0.2183405650226223,0.24789058162828165,1193.242870078066,-31.895971027642755,31.895971027642755,GREED_EXHAUSTION_COVERED_CALL
2025-10-14,v0_4_full_enriched_scores,QQQ,55,covered_call,CLOSE,call,-1,636.0,2025-11-21,2,598.0,5.689003159671472,5.546778080679685,5.831228238663259,5.831228238663259,0.230182408210404,0.22872962270295163,-1166.2456477326518,-29.745015798357432,29.745015798357432,CALL_STATE_EXIT
2025-10-21,v0_4_full_enriched_scores,QQQ,56,cash_secured_put,OPEN,put,-1,579.0,2025-11-21,4,611.38,4.962607402384336,4.8385422173247274,5.086672587443944,4.8385422173247274,0.24303181275892483,-0.1987655564503057,1935.416886929891,-52.22607402384336,52.22607402384336,CONDITIONAL_ENTRY_CSP
2025-10-28,v0_4_full_enriched_scores,QQQ,56,cash_secured_put,CLOSE,put,-1,579.0,2025-11-21,4,632.92,1.1380715770585823,1.1096197876321177,1.166523366485047,1.166523366485047,0.24033176388801109,-0.06519851339672103,-466.6093465940188,-13.980715770585858,13.980715770585858,CSP_PROFIT_TARGET
2025-11-05,v0_4_full_enriched_scores,QQQ,57,insurance,OPEN,put,1,570.0,2026-02-20,4,623.28,9.336926604273756,9.103503439166913,9.5703497693806,9.5703497693806,0.23517976030049303,-0.19847459140889093,-3828.13990775224,-95.96926604273756,95.96926604273756,INSURANCE_MODEL_ENTRY_PROTECTIVE_PUT
2025-11-20,v0_4_full_enriched_scores,QQQ,57,insurance,CLOSE,put,1,570.0,2026-02-20,1,585.67,20.92220901182668,20.399153786531013,21.44526423712235,20.399153786531013,0.2618090385363499,-0.3670406863366631,2039.9153786531012,-52.95552252956677,52.95552252956677,INSURANCE_PARTIAL_MONETIZATION
2026-02-10,v0_4_full_enriched_scores,QQQ,57,insurance,CLOSE,put,1,570.0,2026-02-20,3,611.47,0.5056962538764687,0.49305384752955694,0.5183386602233804,0.49305384752955694,0.25846591819713155,-0.04611620726748538,147.9161542588671,-5.742721904073515,5.742721904073515,INSURANCE_DTE_ROLL
2026-02-12,v0_4_full_enriched_scores,QQQ,58,cash_secured_put,OPEN,put,-1,561.0,2026-03-20,4,600.64,6.2691233093307375,6.112395226597469,6.425851392064006,6.112395226597469,0.2854362229168539,-0.19978934685947045,2444.9580906389874,-65.29123309330737,65.29123309330737,CONDITIONAL_ENTRY_CSP
2026-02-19,v0_4_full_enriched_scores,QQQ,59,insurance,OPEN,put,1,552.0,2026-05-15,4,603.47,8.917317119208974,8.69438419122875,9.140250047189198,9.140250047189198,0.257639899353089,-0.2002878310153533,-3656.1000188756793,-91.77317119208973,91.77317119208973,INSURANCE_MODEL_ENTRY_PROTECTIVE_PUT
2026-02-25,v0_4_full_enriched_scores,QQQ,58,cash_secured_put,CLOSE,put,-1,561.0,2026-03-20,4,616.68,1.1815464918685947,1.1520078295718799,1.2110851541653096,1.2110851541653096,0.2604687682428488,-0.06535429290511516,-484.43406166612385,-14.415464918685947,14.415464918685947,CSP_PROFIT_TARGET
2026-03-30,v0_4_full_enriched_scores,QQQ,59,insurance,CLOSE,put,1,552.0,2026-05-15,1,558.28,19.60965785697462,19.119416410550254,20.09989930339899,19.119416410550254,0.3014119226712625,-0.4215586084050149,1911.9416410550255,-49.674144642436694,49.674144642436694,INSURANCE_PARTIAL_MONETIZATION
2026-05-05,v0_4_full_enriched_scores,QQQ,59,insurance,CLOSE,put,1,552.0,2026-05-15,3,681.61,2.8151736728433598e-05,0.0,0.010028151736728434,0.0,0.2886624536025,-4.1563221664939494e-06,0.0,-1.9584455210185303,1.9584455210185303,INSURANCE_DTE_ROLL
2026-05-05,v0_4_full_enriched_scores,QQQ,60,covered_call,OPEN,call,-1,722.0,2026-06-18,1,681.61,7.378031293256527,7.193580510925114,7.56248207558794,7.193580510925114,0.21691141152716134,0.24999524703805656,719.3580510925113,-19.095078233141297,19.095078233141297,GREED_EXHAUSTION_COVERED_CALL
2026-05-13,v0_4_full_enriched_scores,QQQ,60,covered_call,CLOSE,call,-1,722.0,2026-06-18,1,714.71,19.166398441937133,18.687238480888706,19.64555840298556,19.64555840298556,0.23992639425919376,0.4783913072649772,-1964.5558402985562,-48.56599610484276,48.56599610484276,CALL_STATE_EXIT
2026-05-21,v0_4_full_enriched_scores,QQQ,61,covered_call,OPEN,call,-1,748.0,2026-06-18,1,714.51,6.502832967052569,6.340262142876255,6.665403791228884,6.340262142876255,0.22420244111349036,0.2525108109412924,634.0262142876255,-16.90708241763144,16.90708241763144,GREED_EXHAUSTION_COVERED_CALL
2026-05-26,v0_4_full_enriched_scores,QQQ,61,covered_call,CLOSE,call,-1,748.0,2026-06-18,1,730.28,10.62645736081015,10.360795926789896,10.892118794830404,10.892118794830404,0.23726022347592704,0.3676279424151077,-1089.2118794830403,-27.21614340202541,27.21614340202541,CALL_STATE_EXIT
2026-06-08,v0_4_full_enriched_scores,QQQ,62,covered_call,OPEN,call,-1,763.0,2026-07-17,1,716.07,8.468165749150359,8.256461605421599,8.679869892879118,8.256461605421599,0.2544035329124821,0.2487002231804686,825.6461605421599,-21.820414372875966,21.820414372875966,GREED_EXHAUSTION_COVERED_CALL
2026-06-09,v0_4_full_enriched_scores,QQQ,62,covered_call,CLOSE,call,-1,763.0,2026-07-17,1,707.83,7.809794004337135,7.6145491542287065,8.005038854445564,8.005038854445564,0.2760886585930395,0.22406943948685526,-800.5038854445564,-20.174485010842872,20.174485010842872,CALL_STATE_EXIT
