date,strategy_name,asset,group_id,strategy_type,action,option_type,side,strike,expiry,contracts,spot,mid,bid,ask,execution_price,iv,delta,cash_flow,pnl,execution_drag,reason,assigned_shares,assigned_basis
2017-01-03,QQQ_v0_3_Full,QQQ,1,cash_secured_put,OPEN,put,-1.0,114.0,2017-02-17,8,119.54,0.9008926438095912,0.8783703277143514,0.923414959904831,0.8783703277143514,0.17462616912456386,-0.21058360827772798,702.6962621714812,-23.21785287619184,23.21785287619184,CONDITIONAL_ENTRY_CSP,,
2017-01-05,QQQ_v0_3_Full,QQQ,2,covered_call,OPEN,call,-1.0,127.0,2017-02-17,3,120.87,0.5791534081505567,0.5646745729467928,0.5936322433543206,0.5646745729467928,0.15070752850413116,0.17589965815131486,169.40237188403785,-6.2936505611291755,6.2936505611291755,GREED_EXHAUSTION_COVERED_CALL,,
2017-01-06,QQQ_v0_3_Full,QQQ,2,covered_call,CLOSE,call,-1.0,127.0,2017-02-17,3,121.93,0.7017912316158288,0.6842464508254331,0.7193360124062245,0.7193360124062245,0.14524272065356472,0.21099127040916452,-215.80080372186734,-7.213434237118703,7.213434237118703,CALL_STATE_EXIT,,
2017-01-11,QQQ_v0_3_Full,QQQ,1,cash_secured_put,CLOSE,put,-1.0,114.0,2017-02-17,8,122.93,0.18746319115354737,0.17746319115354736,0.19746319115354738,0.19746319115354738,0.16055050796814804,-0.06667127045234182,-157.9705529228379,-13.200000000000006,13.200000000000006,CSP_PROFIT_TARGET,,
2017-04-19,QQQ_v0_3_Full,QQQ,3,cash_secured_put,OPEN,put,-1.0,125.0,2017-05-19,8,131.49,0.4488256438335938,0.43760500273775393,0.46004628492943367,0.43760500273775393,0.16615337668263747,-0.13811546268494435,350.08400219020314,-14.176512876671893,14.176512876671893,CONDITIONAL_ENTRY_CSP,,
2017-04-24,QQQ_v0_3_Full,QQQ,3,cash_secured_put,CLOSE,put,-1.0,125.0,2017-05-19,8,134.16,0.034844191456339324,0.024844191456339322,0.044844191456339326,0.044844191456339326,0.13295125223613596,-0.02008176972047568,-35.87535316507146,-13.200000000000003,13.200000000000003,CSP_PROFIT_TARGET,,
2017-05-19,QQQ_v0_3_Full,QQQ,4,insurance,OPEN,put,1.0,130.0,2017-08-18,11,137.84,1.3502835695062743,1.3165264802686174,1.3840406587439311,1.3840406587439311,0.1564834979868187,-0.21241634784097074,-1522.444724618324,-44.28279816142254,44.28279816142254,INSURANCE_MODEL_ENTRY_PROTECTIVE_PUT,,
2017-08-08,QQQ_v0_3_Full,QQQ,4,insurance,CLOSE,put,1.0,130.0,2017-08-18,11,144.31,0.0001505395281112612,0.0,0.010150539528111261,0.0,0.17495345090430323,-0.0001462616598206587,0.0,-7.315593480922388,7.315593480922388,INSURANCE_DTE_ROLL,,
2017-08-08,QQQ_v0_3_Full,QQQ,5,covered_call,OPEN,call,-1.0,150.0,2017-09-15,3,144.31,0.8424464455990659,0.8213852844590892,0.8635076067390426,0.8213852844590892,0.14870011755278362,0.21765447897862744,246.41558533772675,-8.268348341993008,8.268348341993008,GREED_EXHAUSTION_COVERED_CALL,,
2017-08-11,QQQ_v0_3_Full,QQQ,5,covered_call,CLOSE,call,-1.0,150.0,2017-09-15,3,142.1,0.6130846994443431,0.5977575819582345,0.6284118169304517,0.6284118169304517,0.17035181004133348,0.15928350621905957,-188.5235450791355,-6.54813524583258,6.54813524583258,CALL_STATE_EXIT,,
2017-08-16,QQQ_v0_3_Full,QQQ,6,insurance,OPEN,put,1.0,135.0,2017-11-17,12,144.28,1.2267353060678943,1.196066923416197,1.2574036887195916,1.2574036887195916,0.15696832743170933,-0.18815524554019916,-1508.88442646351,-44.602059182036825,44.602059182036825,INSURANCE_MODEL_ENTRY_PROTECTIVE_PUT,,
2017-11-07,QQQ_v0_3_Full,QQQ,6,insurance,CLOSE,put,1.0,135.0,2017-11-17,12,153.88,8.608335842429072e-07,0.0,0.010000860833584244,0.0,0.16718637899662073,-1.03060179094018e-06,0.0,-7.801033000301092,7.801033000301092,INSURANCE_DTE_ROLL,,
2017-12-11,QQQ_v0_3_Full,QQQ,7,cash_secured_put,OPEN,put,-1.0,148.0,2018-01-19,7,155.9,0.4265309940427109,0.4158677191916431,0.43719426889377866,0.4158677191916431,0.13923893501231774,-0.11981193982138996,291.10740343415017,-12.01429239574744,12.01429239574744,CONDITIONAL_ENTRY_CSP,,
2017-12-11,QQQ_v0_3_Full,QQQ,8,covered_call,OPEN,call,-1.0,164.0,2018-01-19,3,155.9,0.3689284202511054,0.3589284202511054,0.3789284202511054,0.3589284202511054,0.12738598722110525,0.11798010300417337,107.67852607533162,-4.950000000000003,4.950000000000003,GREED_EXHAUSTION_COVERED_CALL,,
2017-12-12,QQQ_v0_3_Full,QQQ,8,covered_call,CLOSE,call,-1.0,164.0,2018-01-19,3,155.69,0.3457953677397896,0.3357953677397896,0.3557953677397896,0.3557953677397896,0.129083131071454,0.11194584845344735,-106.73861032193687,-4.950000000000003,4.950000000000003,CALL_STATE_EXIT,,
2018-01-02,QQQ_v0_3_Full,QQQ,7,cash_secured_put,CLOSE,put,-1.0,148.0,2018-01-19,7,158.49,0.05385988663590746,0.04385988663590746,0.06385988663590746,0.06385988663590746,0.16412261025932237,-0.02507321042767681,-44.70192064513522,-11.549999999999997,11.549999999999997,CSP_PROFIT_TARGET,,
2018-01-02,QQQ_v0_3_Full,QQQ,9,covered_call,OPEN,call,-1.0,166.0,2018-02-16,3,158.49,0.8201583529646008,0.7996543941404858,0.8406623117887159,0.7996543941404858,0.14402942627230642,0.19024189279585477,239.89631824214572,-8.101187647234514,8.101187647234514,GREED_EXHAUSTION_COVERED_CALL,,
2018-01-05,QQQ_v0_3_Full,QQQ,9,covered_call,CLOSE,call,-1.0,166.0,2018-02-16,3,161.92,1.4196203950781623,1.3841298852012083,1.4551109049551163,1.4551109049551163,0.13504305683880596,0.3064576119999836,-436.5332714865349,-12.597152963086202,12.597152963086202,CALL_STATE_EXIT,,
2018-01-25,QQQ_v0_3_Full,QQQ,10,covered_call,OPEN,call,-1.0,182.0,2018-03-16,1,168.35,0.5039652688506173,0.4913661371293519,0.5165644005718828,0.4913661371293519,0.16304259873823249,0.10611404778205007,49.13661371293519,-1.9099131721265423,1.9099131721265423,GREED_EXHAUSTION_COVERED_CALL,,
2018-01-31,QQQ_v0_3_Full,QQQ,10,covered_call,CLOSE,call,-1.0,182.0,2018-03-16,1,169.4,0.6603842885627174,0.6438746813486494,0.6768938957767853,0.6768938957767853,0.17676440156376408,0.1301512191618765,-67.68938957767853,-2.300960721406791,2.300960721406791,CALL_STATE_EXIT,,
2018-01-31,QQQ_v0_3_Full,QQQ,11,insurance,OPEN,put,1.0,159.0,2018-04-20,9,169.4,1.7166070572253744,1.67369188079474,1.7595222336560088,1.7595222336560088,0.17966147749898892,-0.20655983350567775,-1583.570010290408,-44.473658787570926,44.473658787570926,INSURANCE_MODEL_ENTRY_PROTECTIVE_PUT,,
2018-02-05,QQQ_v0_3_Full,QQQ,11,insurance,CLOSE,put,1.0,159.0,2018-04-20,2,158.12,7.073071062666784,6.8962442861001145,7.249897839233454,6.8962442861001145,0.23710109002678986,-0.49364264276753483,1379.248857220023,-36.665355313333954,36.665355313333954,INSURANCE_PARTIAL_MONETIZATION,,
2018-02-14,QQQ_v0_3_Full,QQQ,11,insurance,CLOSE,put,1.0,159.0,2018-04-20,2,162.68,4.2073938576440355,4.102209011202935,4.312578704085136,4.102209011202935,0.22045882247164328,-0.37866008337205553,820.441802240587,-22.336969288220143,22.336969288220143,INSURANCE_PARTIAL_MONETIZATION,,
2018-04-10,QQQ_v0_3_Full,QQQ,11,insurance,CLOSE,put,1.0,159.0,2018-04-20,5,161.21,2.1426418214125533,2.0890757758772396,2.196207866947867,2.0890757758772396,0.2971985853632461,-0.3780072370993311,1044.5378879386199,-30.033022767656874,30.033022767656874,INSURANCE_DTE_ROLL,,
2018-06-11,QQQ_v0_3_Full,QQQ,12,cash_secured_put,OPEN,put,-1.0,167.0,2018-07-20,7,174.91,1.1024082453076502,1.074848039174959,1.1299684514403414,1.074848039174959,0.1745014138269552,-0.19418309800159994,752.3936274224714,-23.84214429288382,23.84214429288382,CONDITIONAL_ENTRY_CSP,,
2018-06-27,QQQ_v0_3_Full,QQQ,13,insurance,OPEN,put,1.0,157.0,2018-09-21,8,169.73,1.971429875916101,1.9221441290181986,2.0207156228140035,2.0207156228140035,0.20780691891516698,-0.19717178853316222,-1616.572498251203,-44.62859751832195,44.62859751832195,INSURANCE_MODEL_ENTRY_PROTECTIVE_PUT,,
2018-07-09,QQQ_v0_3_Full,QQQ,12,cash_secured_put,CLOSE,put,-1.0,167.0,2018-07-20,7,177.19,0.0905514812684114,0.0805514812684114,0.10055148126841139,0.10055148126841139,0.19454976296630738,-0.037399939632655345,-70.38603688788797,-11.549999999999997,11.549999999999997,CSP_PROFIT_TARGET,,
2018-09-11,QQQ_v0_3_Full,QQQ,13,insurance,CLOSE,put,1.0,157.0,2018-09-21,8,183.12,1.0680765163684474e-05,0.0,0.010010680765163685,0.0,0.21644872214941022,-7.64658227775616e-06,0.0,-5.2085446121309475,5.2085446121309475,INSURANCE_DTE_ROLL,,
2018-09-13,QQQ_v0_3_Full,QQQ,14,cash_secured_put,OPEN,put,-1.0,176.0,2018-10-19,6,184.53,1.0374808802711044,1.0115438582643268,1.063417902277882,1.0115438582643268,0.1763725770062207,-0.1818073322657199,606.9263149585961,-19.462213204066565,19.462213204066565,CONDITIONAL_ENTRY_CSP,,
2018-09-19,QQQ_v0_3_Full,QQQ,15,insurance,OPEN,put,1.0,170.0,2018-12-21,9,182.7,1.9373162990837685,1.8888833916066743,1.9857492065608626,1.9857492065608626,0.1858741740800687,-0.19487332123888124,-1787.1742859047763,-49.43961672938475,49.43961672938475,INSURANCE_MODEL_ENTRY_PROTECTIVE_PUT,,
2018-10-10,QQQ_v0_3_Full,QQQ,15,insurance,CLOSE,put,1.0,170.0,2018-12-21,2,171.73,5.698197498575425,5.555742561111039,5.840652436039811,5.555742561111039,0.22377746313930316,-0.42752346843927946,1111.1485122222077,-29.790987492877196,29.790987492877196,INSURANCE_PARTIAL_MONETIZATION,,
2018-10-18,QQQ_v0_3_Full,QQQ,15,insurance,CLOSE,put,1.0,170.0,2018-12-21,2,173.18,4.746667497250698,4.62800080981943,4.8653341846819655,4.62800080981943,0.2240098890964391,-0.39172269049791103,925.6001619638861,-25.033337486253526,25.033337486253526,INSURANCE_PARTIAL_MONETIZATION,,
2018-10-19,QQQ_v0_3_Full,QQQ,14,cash_secured_put,SETTLE,put,-1.0,176.0,2018-10-19,6,173.02,2.9799999999999898,2.9799999999999898,2.9799999999999898,2.9799999999999898,0.0,-1.0,-1787.9999999999939,-0.0,0.0,EXPIRY,,
2018-10-19,QQQ_v0_3_Full,QQQ,14,cash_secured_put,ASSIGN,put,-1.0,176.0,2018-10-19,6,173.02,,,,,,,0.0,0.0,0.0,CSP_ITM_EXPIRY,600.0,174.98845614173567
2018-11-08,QQQ_v0_3_Full,QQQ,14,assigned_inventory,SELL_ASSIGNED,,,,,6,174.46,,,,174.46,,,104676.0,-52.338,52.338,ASSIGNED_CAPACITY_EXIT,600.0,174.98845614173567
2018-12-11,QQQ_v0_3_Full,QQQ,15,insurance,CLOSE,put,1.0,170.0,2018-12-21,5,163.61,7.350532021120998,7.166768720592973,7.534295321649022,7.166768720592973,0.2969253689058051,-0.7720021837103896,3583.3843602964866,-95.1316502640123,95.1316502640123,INSURANCE_DTE_ROLL,,
2019-03-01,QQQ_v0_3_Full,QQQ,16,cash_secured_put,OPEN,put,-1.0,165.0,2019-04-18,7,174.39,1.3737112340821511,1.3393684532300973,1.408054014934205,1.3393684532300973,0.19321827614907475,-0.19584210930798593,937.557917261068,-28.589946596437645,28.589946596437645,CONDITIONAL_ENTRY_CSP,,
2019-03-11,QQQ_v0_3_Full,QQQ,17,insurance,OPEN,put,1.0,161.0,2019-06-21,7,174.73,2.376933202965944,2.317509872891795,2.4363565330400925,2.4363565330400925,0.21256469568313857,-0.2040401737118239,-1705.4495731280647,-46.14633105190408,46.14633105190408,INSURANCE_MODEL_ENTRY_PROTECTIVE_PUT,,
2019-03-15,QQQ_v0_3_Full,QQQ,16,cash_secured_put,CLOSE,put,-1.0,165.0,2019-04-18,7,178.35,0.280162878498297,0.270162878498297,0.290162878498297,0.290162878498297,0.1754658637713182,-0.06566606422221447,-203.11401494880792,-11.550000000000006,11.550000000000006,CSP_PROFIT_TARGET,,
2019-05-17,QQQ_v0_3_Full,QQQ,17,insurance,CLOSE,put,1.0,161.0,2019-06-21,3,183.04,0.15372603662330864,0.14372603662330863,0.16372603662330865,0.14372603662330863,0.22730468940725937,-0.030041697343464867,43.117810986992595,-4.950000000000003,4.950000000000003,INSURANCE_PARTIAL_MONETIZATION,,
2019-06-11,QQQ_v0_3_Full,QQQ,17,insurance,CLOSE,put,1.0,161.0,2019-06-21,4,183.4,0.0008658799060750344,0.0,0.010865879906075035,0.0,0.2392442748091603,-0.00045049277978245755,0.0,-2.946351962430014,2.946351962430014,INSURANCE_DTE_ROLL,,
2019-08-02,QQQ_v0_3_Full,QQQ,18,insurance,OPEN,put,1.0,173.0,2019-10-18,8,187.35,2.244094988101338,2.1879926133988046,2.3001973628038717,2.3001973628038717,0.22519924799187233,-0.19785263918418414,-1840.1578902430974,-50.081899762026836,50.081899762026836,INSURANCE_MODEL_ENTRY_PROTECTIVE_PUT,,
2019-08-14,QQQ_v0_3_Full,QQQ,18,insurance,CLOSE,put,1.0,173.0,2019-10-18,4,182.76,3.44465945805635,3.3585429716049413,3.5307759445077584,3.3585429716049413,0.24894495547939877,-0.27551254794163527,1343.4171886419765,-37.04659458056343,37.04659458056343,INSURANCE_PARTIAL_MONETIZATION,,
2019-10-08,QQQ_v0_3_Full,QQQ,18,insurance,CLOSE,put,1.0,173.0,2019-10-18,4,185.42,0.16418419208473978,0.15418419208473977,0.1741841920847398,0.15418419208473977,0.25751105598101603,-0.049071104273087425,61.67367683389591,-6.600000000000003,6.600000000000003,INSURANCE_DTE_ROLL,,
2019-10-10,QQQ_v0_3_Full,QQQ,19,cash_secured_put,OPEN,put,-1.0,178.0,2019-11-15,7,188.68,1.509347367006562,1.471613682831398,1.5470810511817261,1.471613682831398,0.22829158344096004,-0.19458366330775356,1030.1295779819784,-30.963578922614868,30.963578922614868,CONDITIONAL_ENTRY_CSP,,
2019-10-15,QQQ_v0_3_Full,QQQ,19,cash_secured_put,CLOSE,put,-1.0,178.0,2019-11-15,7,193.52,0.312908273739545,0.302908273739545,0.322908273739545,0.322908273739545,0.19400820081117456,-0.06420277030453383,-226.0357916176815,-11.550000000000006,11.550000000000006,CSP_PROFIT_TARGET,,
2019-10-16,QQQ_v0_3_Full,QQQ,20,insurance,OPEN,put,1.0,177.0,2020-01-17,7,193.04,2.5653546101076827,2.5012207448549906,2.629488475360375,2.629488475360375,0.22416722073196269,-0.19926265783639496,-1840.6419327522624,-49.443705676884505,49.443705676884505,INSURANCE_MODEL_ENTRY_PROTECTIVE_PUT,,
2020-01-07,QQQ_v0_3_Full,QQQ,20,insurance,CLOSE,put,1.0,177.0,2020-01-17,7,215.53,2.6109144244267975e-08,0.0,0.010000026109144244,0.0,0.2174882266969795,-1.9498739079930725e-08,0.0,-4.550018276400971,4.550018276400971,INSURANCE_DTE_ROLL,,
2020-01-07,QQQ_v0_3_Full,QQQ,21,covered_call,OPEN,call,-1.0,225.0,2020-02-21,2,215.53,1.9286765030680684,1.8804595904913666,1.9768934156447702,1.8804595904913666,0.17265977407046026,0.2537013465879958,376.0919180982733,-10.94338251534036,10.94338251534036,GREED_EXHAUSTION_COVERED_CALL,,
2020-01-16,QQQ_v0_3_Full,QQQ,21,covered_call,CLOSE,call,-1.0,225.0,2020-02-21,2,222.28,3.1760677026844917,3.0966660101173793,3.255469395251604,3.255469395251604,0.15447024152912675,0.4169304905377484,-651.0938790503208,-17.180338513422477,17.180338513422477,CALL_STATE_EXIT,,
2020-01-24,QQQ_v0_3_Full,QQQ,22,covered_call,OPEN,call,-1.0,231.0,2020-02-21,2,222.7,1.5317331164412593,1.4934397885302277,1.5700264443522909,1.4934397885302277,0.17867960035922767,0.24132065127982327,298.68795770604555,-8.958665582206315,8.958665582206315,GREED_EXHAUSTION_COVERED_CALL,,
2020-01-27,QQQ_v0_3_Full,QQQ,22,covered_call,CLOSE,call,-1.0,231.0,2020-02-21,2,218.1,0.9702129513590094,0.9459576275750342,0.9944682751429846,0.9944682751429846,0.21079210453920222,0.1576251440431327,-198.89365502859692,-6.1510647567950425,6.1510647567950425,CALL_STATE_EXIT,,
2020-01-27,QQQ_v0_3_Full,QQQ,23,insurance,OPEN,put,1.0,202.0,2020-04-17,7,218.1,2.650885002216995,2.5846128771615704,2.71715712727242,2.71715712727242,0.21464260014077557,-0.20383268671637694,-1902.009989090694,-50.94048753879735,50.94048753879735,INSURANCE_MODEL_ENTRY_PROTECTIVE_PUT,,
2020-02-27,QQQ_v0_3_Full,QQQ,23,insurance,CLOSE,put,1.0,202.0,2020-04-17,2,205.64,8.589510279084948,8.374772522107824,8.804248036062072,8.374772522107824,0.3463517666044231,-0.4157926234172418,1674.9545044215647,-44.24755139542481,44.24755139542481,INSURANCE_PARTIAL_MONETIZATION,,
2020-03-12,QQQ_v0_3_Full,QQQ,23,insurance,CLOSE,put,1.0,202.0,2020-04-17,1,177.32,30.325348767907855,29.567215048710157,31.083482487105552,29.567215048710157,0.623629526996555,-0.7149649242179706,2956.721504871016,-76.46337191976978,76.46337191976978,INSURANCE_PARTIAL_MONETIZATION,,
2020-04-07,QQQ_v0_3_Full,QQQ,23,insurance,CLOSE,put,1.0,202.0,2020-04-17,4,196.4,14.08998710950408,13.737737431766478,14.442236787241681,13.737737431766478,0.8404344850634161,-0.553124653234948,5495.094972706591,-143.49987109504065,143.49987109504065,INSURANCE_DTE_ROLL,,
2020-09-08,QQQ_v0_3_Full,QQQ,24,covered_call,OPEN,call,-1.0,295.0,2020-10-16,2,269.95,4.61122061428393,4.495940098926831,4.726501129641028,4.495940098926831,0.3765392759165519,0.25003859839740766,899.1880197853662,-24.35610307141972,24.35610307141972,GREED_EXHAUSTION_COVERED_CALL,,
2020-09-09,QQQ_v0_3_Full,QQQ,24,covered_call,CLOSE,call,-1.0,295.0,2020-10-16,2,277.88,6.2101286376612705,6.054875421719739,6.365381853602802,6.365381853602802,0.3594449891556651,0.319262719052119,-1273.0763707205604,-32.35064318830628,32.35064318830628,CALL_STATE_EXIT,,
2020-09-11,QQQ_v0_3_Full,QQQ,25,insurance,OPEN,put,1.0,234.0,2020-12-18,4,270.45,6.387534161530944,6.22784580749267,6.547222515569217,6.547222515569217,0.3716877884391531,-0.1997846337380108,-2618.889006227687,-66.47534161530936,66.47534161530936,INSURANCE_MODEL_ENTRY_PROTECTIVE_PUT,,
2020-09-14,QQQ_v0_3_Full,QQQ,25,insurance,CLOSE,put,1.0,234.0,2020-12-18,2,275.16,5.34274534563707,5.209176711996143,5.476313979277997,5.209176711996143,0.3730860065612771,-0.17337617879964506,1041.8353423992287,-28.01372672818535,28.01372672818535,INSURANCE_PARTIAL_MONETIZATION,,
2020-12-08,QQQ_v0_3_Full,QQQ,25,insurance,CLOSE,put,1.0,234.0,2020-12-18,2,308.29,4.265191386683561e-06,0.0,0.010004265191386684,0.0,0.35506918810211163,-1.186739592276715e-06,0.0,-1.3008530382773367,1.3008530382773367,INSURANCE_DTE_ROLL,,
2020-12-11,QQQ_v0_3_Full,QQQ,26,cash_secured_put,OPEN,put,-1.0,278.0,2021-01-15,6,301.85,3.520678313381943,3.432661355547394,3.6086952712164915,3.432661355547394,0.32896675944986314,-0.19628740716028126,2059.596813328437,-56.71017470072919,56.71017470072919,CONDITIONAL_ENTRY_CSP,,
2020-12-14,QQQ_v0_3_Full,QQQ,27,covered_call,OPEN,call,-1.0,328.0,2021-01-15,2,304.04,2.753791601423977,2.6849468113883774,2.8226363914595765,2.6849468113883774,0.2889109350290815,0.197949097029037,536.9893622776755,-15.068958007119903,15.068958007119903,GREED_EXHAUSTION_COVERED_CALL,,
2020-12-17,QQQ_v0_3_Full,QQQ,27,covered_call,CLOSE,call,-1.0,328.0,2021-01-15,2,311.0,3.3356156958674887,3.2522253034708015,3.419006088264176,3.419006088264176,0.26596578778135044,0.24908810913096105,-683.8012176528352,-17.978078479337444,17.978078479337444,CALL_STATE_EXIT,,
2020-12-24,QQQ_v0_3_Full,QQQ,26,cash_secured_put,CLOSE,put,-1.0,278.0,2021-01-15,6,309.56,0.6895938487350115,0.6723540025166362,0.7068336949533868,0.7068336949533868,0.29906919498643236,-0.0671258965060656,-424.10021697203206,-14.243907731025159,14.243907731025159,CSP_PROFIT_TARGET,,
2020-12-31,QQQ_v0_3_Full,QQQ,28,covered_call,OPEN,call,-1.0,338.0,2021-02-19,2,313.74,4.72269416265938,4.604626808592895,4.840761516725864,4.604626808592895,0.2828920114116588,0.25276933363796356,920.9253617185791,-24.9134708132969,24.9134708132969,GREED_EXHAUSTION_COVERED_CALL,,
2021-01-04,QQQ_v0_3_Full,QQQ,28,covered_call,CLOSE,call,-1.0,338.0,2021-02-19,2,309.31,3.8144722387692838,3.7191104328000515,3.909834044738516,3.909834044738516,0.2985406016510005,0.21474057644458716,-781.9668089477032,-20.372361193846455,20.372361193846455,CALL_STATE_EXIT,,
2021-01-05,QQQ_v0_3_Full,QQQ,29,cash_secured_put,OPEN,put,-1.0,284.0,2021-02-19,6,311.86,4.283828972694685,4.176733248377318,4.390924697012053,4.176733248377318,0.33540461890907475,-0.19791365891138749,2506.0399490263912,-68.15743459042028,68.15743459042028,CONDITIONAL_ENTRY_CSP,,
2021-01-08,QQQ_v0_3_Full,QQQ,30,covered_call,OPEN,call,-1.0,347.0,2021-02-19,2,319.03,3.322165916137031,3.2391117682336055,3.405220064040457,3.2391117682336055,0.2831259057342502,0.20244799660655674,647.8223536467211,-17.91082958068514,17.91082958068514,GREED_EXHAUSTION_COVERED_CALL,,
2021-01-11,QQQ_v0_3_Full,QQQ,30,covered_call,CLOSE,call,-1.0,347.0,2021-02-19,2,314.42,2.3092331786611737,2.251502349194644,2.3669640081277032,2.3669640081277032,0.2868065279967253,0.15611242946075465,-473.39280162554064,-12.846165893305905,12.846165893305905,CALL_STATE_EXIT,,
2021-01-20,QQQ_v0_3_Full,QQQ,29,cash_secured_put,CLOSE,put,-1.0,284.0,2021-02-19,6,323.77,0.9310374705237052,0.9077615337606126,0.9543134072867978,0.9543134072867978,0.3172608873583099,-0.06909262879920394,-572.5880443720787,-17.865562057855552,17.865562057855552,CSP_PROFIT_TARGET,,
2021-01-28,QQQ_v0_3_Full,QQQ,31,cash_secured_put,OPEN,put,-1.0,287.0,2021-03-19,6,321.32,5.538000846596354,5.3995508254314455,5.676450867761263,5.3995508254314455,0.3922262509251996,-0.19853655383965332,3239.730495258867,-86.97001269894521,86.97001269894521,CONDITIONAL_ENTRY_CSP,,
2021-01-28,QQQ_v0_3_Full,QQQ,32,covered_call,OPEN,call,-1.0,358.0,2021-03-19,2,321.32,4.111460124794924,4.008673621675051,4.214246627914797,4.008673621675051,0.32648626953354143,0.20048815105346293,801.7347243350102,-21.857300623974584,21.857300623974584,GREED_EXHAUSTION_COVERED_CALL,,
2021-01-29,QQQ_v0_3_Full,QQQ,32,covered_call,CLOSE,call,-1.0,358.0,2021-03-19,2,314.56,3.1819917682028276,3.102441973997757,3.2615415624078983,3.2615415624078983,0.3394360967549836,0.1626484588290195,-652.3083124815796,-17.20995884101414,17.20995884101414,CALL_STATE_EXIT,,
2021-02-03,QQQ_v0_3_Full,QQQ,33,insurance,OPEN,put,1.0,280.0,2021-05-21,3,326.38,8.240851337075767,8.034830053648873,8.446872620502662,8.446872620502662,0.37899163532846175,-0.19931831687174634,-2534.0617861507985,-63.75638502806826,63.75638502806826,INSURANCE_MODEL_ENTRY_PROTECTIVE_PUT,,
2021-02-09,QQQ_v0_3_Full,QQQ,31,cash_secured_put,CLOSE,put,-1.0,287.0,2021-03-19,6,333.51,1.2905752688969727,1.2583108871745483,1.3228396506193971,1.3228396506193971,0.33662003733883766,-0.07594642000839077,-793.7037903716382,-23.258629033454646,23.258629033454646,CSP_PROFIT_TARGET,,
2021-05-11,QQQ_v0_3_Full,QQQ,33,insurance,CLOSE,put,1.0,280.0,2021-05-21,3,325.31,0.018548922618640606,0.008548922618640606,0.02854892261864061,0.008548922618640606,0.3368061694998617,-0.003305741138809956,2.564676785592182,-4.95,4.95,INSURANCE_DTE_ROLL,,
2021-05-11,QQQ_v0_3_Full,QQQ,34,cash_secured_put,OPEN,put,-1.0,300.0,2021-06-18,6,325.31,3.895897498699867,3.79850006123237,3.9932949361673638,3.79850006123237,0.3158848832259521,-0.20025990159327536,2279.1000367394217,-62.33846248049811,62.33846248049811,CONDITIONAL_ENTRY_CSP,,
2021-05-19,QQQ_v0_3_Full,QQQ,35,insurance,OPEN,put,1.0,283.0,2021-08-20,4,322.59,6.6989776596441,6.531503218152998,6.866452101135203,6.866452101135203,0.3394741891054344,-0.19963384277565047,-2746.580840454081,-69.58977659644107,69.58977659644107,INSURANCE_MODEL_ENTRY_PROTECTIVE_PUT,,
2021-05-24,QQQ_v0_3_Full,QQQ,34,cash_secured_put,CLOSE,put,-1.0,300.0,2021-06-18,6,332.51,0.6301832116659831,0.6144286313743336,0.6459377919576327,0.6459377919576327,0.2609791885958317,-0.0623333455731023,-387.56267517457957,-13.352748174989733,13.352748174989733,CSP_PROFIT_TARGET,,
2021-08-10,QQQ_v0_3_Full,QQQ,35,insurance,CLOSE,put,1.0,283.0,2021-08-20,4,366.84,1.2416631446895386e-08,0.0,0.010000012416631447,0.0,0.2736666666666666,-4.502630957101785e-09,0.0,-2.6000049666525786,2.6000049666525786,INSURANCE_DTE_ROLL,,
2021-08-10,QQQ_v0_3_Full,QQQ,36,covered_call,OPEN,call,-1.0,385.0,2021-09-17,2,366.84,3.8364750515132044,3.7405631752253745,3.9323869278010344,3.7405631752253745,0.2184545129202182,0.25566785987707397,748.1126350450749,-20.482375257565987,20.482375257565987,GREED_EXHAUSTION_COVERED_CALL,,
2021-08-19,QQQ_v0_3_Full,QQQ,37,cash_secured_put,OPEN,put,-1.0,343.0,2021-09-17,5,363.96,2.955945801562308,2.8820471565232504,3.0298444466013654,2.8820471565232504,0.2555173095944609,-0.19619005623880637,1441.023578261625,-40.199322519528764,40.199322519528764,CONDITIONAL_ENTRY_CSP,,
2021-08-20,QQQ_v0_3_Full,QQQ,36,covered_call,CLOSE,call,-1.0,385.0,2021-09-17,2,367.73,2.5569548214087945,2.4930309508735746,2.6208786919440143,2.6208786919440143,0.20674550702961414,0.21809209401439528,-524.1757383888029,-14.084774107043973,14.084774107043973,CALL_STATE_EXIT,,
2021-08-23,QQQ_v0_3_Full,QQQ,37,cash_secured_put,CLOSE,put,-1.0,343.0,2021-09-17,5,373.23,0.6842556958234383,0.6671493034278523,0.7013620882190242,0.7013620882190242,0.2220557029177719,-0.06974064088222212,-350.68104410951213,-11.803196197792989,11.803196197792989,CSP_PROFIT_TARGET,,
2021-09-09,QQQ_v0_3_Full,QQQ,38,covered_call,OPEN,call,-1.0,398.0,2021-10-15,2,379.47,3.915015406515934,3.817140021353036,4.012890791678832,3.817140021353036,0.2214121981906023,0.2555798319503859,763.4280042706072,-20.875077032579636,20.875077032579636,GREED_EXHAUSTION_COVERED_CALL,,
2021-09-14,QQQ_v0_3_Full,QQQ,39,cash_secured_put,OPEN,put,-1.0,355.0,2021-10-15,5,375.26,3.016798896192398,2.941378923787588,3.0922188685972083,2.941378923787588,0.23637286924825202,-0.20173462412738802,1470.689461893794,-40.95998620240506,40.95998620240506,CONDITIONAL_ENTRY_CSP,,
2021-09-21,QQQ_v0_3_Full,QQQ,38,covered_call,CLOSE,call,-1.0,398.0,2021-10-15,2,366.15,1.224827307482748,1.1942066247956793,1.2554479901698168,1.2554479901698168,0.2573054731667349,0.10827174510162489,-251.08959803396337,-7.424136537413749,7.424136537413749,CALL_STATE_EXIT,,
2021-09-23,QQQ_v0_3_Full,QQQ,40,insurance,OPEN,put,1.0,335.0,2021-12-17,4,372.98,6.137636839718823,5.984195918725852,6.291077760711794,6.291077760711794,0.28552064766801727,-0.20000094283712602,-2516.4311042847175,-63.97636839718823,63.97636839718823,INSURANCE_MODEL_ENTRY_PROTECTIVE_PUT,,
2021-10-13,QQQ_v0_3_Full,QQQ,39,cash_secured_put,CLOSE,put,-1.0,355.0,2021-10-15,5,360.0,0.6079335340928225,0.5927351957405019,0.623131872445143,0.623131872445143,0.21672291666666665,-0.18986593240332011,-311.5659362225715,-10.84916917616027,10.84916917616027,CSP_PROFIT_TARGET,,
2021-12-07,QQQ_v0_3_Full,QQQ,40,insurance,CLOSE,put,1.0,335.0,2021-12-17,4,397.83,0.0029232943840290515,0.0,0.012923294384029052,0.0,0.3189959090566322,-0.0005191698410121376,0.0,-3.7693177536116207,3.7693177536116207,INSURANCE_DTE_ROLL,,
2021-12-08,QQQ_v0_3_Full,QQQ,41,cash_secured_put,OPEN,put,-1.0,363.0,2022-01-21,1,399.61,3.0800405660848824,3.00303955193276,3.1570415802370047,3.00303955193276,0.2769414525237098,-0.1484921144571227,300.303955193276,-8.350101415212224,8.350101415212224,CONDITIONAL_ENTRY_CSP,,
2021-12-15,QQQ_v0_3_Full,QQQ,42,insurance,OPEN,put,1.0,357.0,2022-03-18,3,397.05,6.386095234458779,6.226442853597309,6.5457476153202485,6.5457476153202485,0.26873905769873113,-0.19904583267594067,-1963.7242845960745,-49.84571425844095,49.84571425844095,INSURANCE_MODEL_ENTRY_PROTECTIVE_PUT,,
2021-12-16,QQQ_v0_3_Full,QQQ,42,insurance,CLOSE,put,1.0,357.0,2022-03-18,1,386.84,8.522832948636221,8.309762124920315,8.735903772352128,8.309762124920315,0.2672470213036058,-0.25505573144030824,830.9762124920316,-21.957082371590623,21.957082371590623,INSURANCE_PARTIAL_MONETIZATION,,
2021-12-30,QQQ_v0_3_Full,QQQ,41,cash_secured_put,CLOSE,put,-1.0,363.0,2022-01-21,1,400.35,0.6373472799814621,0.6214135979819255,0.6532809619809987,0.6532809619809987,0.2576456747189088,-0.05745580526664528,-65.32809619809987,-2.2433681999536597,2.2433681999536597,CSP_PROFIT_TARGET,,
2022-03-08,QQQ_v0_3_Full,QQQ,42,insurance,CLOSE,put,1.0,357.0,2022-03-18,2,323.35,34.18754930666961,33.33286057400287,35.04223803933635,33.33286057400287,0.38020000000000004,-0.9383671062006422,6666.572114800574,-172.2377465333475,172.2377465333475,INSURANCE_DTE_ROLL,,
2022-03-08,QQQ_v0_3_Full,QQQ,43,cash_secured_put,OPEN,put,-1.0,284.0,2022-04-14,1,323.35,3.6210182062162843,3.5304927510608772,3.7115436613716914,3.5304927510608772,0.4220507618007584,-0.15101237309555088,353.04927510608775,-9.702545515540711,9.702545515540711,CONDITIONAL_ENTRY_CSP,,
2022-03-18,QQQ_v0_3_Full,QQQ,43,cash_secured_put,CLOSE,put,-1.0,284.0,2022-04-14,1,351.49,0.5566203845208992,0.5427048749078768,0.5705358941339217,0.5705358941339217,0.4387961908535916,-0.032459230524111524,-57.05358941339217,-2.041550961302246,2.041550961302246,CSP_PROFIT_TARGET,,
2022-08-23,QQQ_v0_3_Full,QQQ,44,insurance,OPEN,put,1.0,278.0,2022-11-18,3,314.1,6.447098257469705,6.285920801032962,6.608275713906448,6.608275713906448,0.34568325951982404,-0.20038382476306185,-1982.4827141719343,-50.303236931022894,50.303236931022894,INSURANCE_MODEL_ENTRY_PROTECTIVE_PUT,,
2022-09-09,QQQ_v0_3_Full,QQQ,44,insurance,CLOSE,put,1.0,278.0,2022-11-18,1,307.09,6.099647491096206,5.947156303818801,6.252138678373612,5.947156303818801,0.33785428959804387,-0.21791384729688512,594.7156303818801,-15.899118727740552,15.899118727740552,INSURANCE_PARTIAL_MONETIZATION,,
2022-11-08,QQQ_v0_3_Full,QQQ,44,insurance,CLOSE,put,1.0,278.0,2022-11-18,2,269.54,10.700505313473855,10.432992680637009,10.9680179463107,10.432992680637009,0.3153,-0.7078016966333137,2086.5985361274015,-54.8025265673692,54.8025265673692,INSURANCE_DTE_ROLL,,
2023-03-14,QQQ_v0_3_Full,QQQ,45,insurance,OPEN,put,1.0,262.0,2023-06-16,3,297.37,6.602402480620512,6.437342418604999,6.767462542636025,6.767462542636025,0.35992404098036196,-0.1992001237937326,-2030.2387627908074,-51.46801860465395,51.46801860465395,INSURANCE_MODEL_ENTRY_PROTECTIVE_PUT,,
2023-06-06,QQQ_v0_3_Full,QQQ,45,insurance,CLOSE,put,1.0,262.0,2023-06-16,3,354.84,8.815932491506616e-13,0.0,0.010000000000881594,0.0,0.25816181941156574,-4.312492649964533e-13,0.0,-1.9500000002644782,1.9500000002644782,INSURANCE_DTE_ROLL,,
2023-09-27,QQQ_v0_3_Full,QQQ,46,insurance,OPEN,put,1.0,326.0,2023-12-15,5,355.04,5.178343700673281,5.048885108156449,5.307802293190113,5.307802293190113,0.26481665662791354,-0.1997580771964997,-2653.901146595056,-67.97929625841584,67.97929625841584,INSURANCE_MODEL_ENTRY_PROTECTIVE_PUT,,
2023-12-05,QQQ_v0_3_Full,QQQ,46,insurance,CLOSE,put,1.0,326.0,2023-12-15,5,387.29,6.99027427592398e-07,0.0,0.010000699027427593,0.0,0.21023090578119757,-2.766922209465938e-07,0.0,-3.2503495137137963,3.2503495137137963,INSURANCE_DTE_ROLL,,
2024-04-17,QQQ_v0_3_Full,QQQ,47,cash_secured_put,OPEN,put,-1.0,405.0,2024-05-17,5,425.84,3.4492103558728076,3.3629800969759875,3.5354406147696276,3.3629800969759875,0.23840388408792035,-0.20418537460103517,1681.4900484879936,-46.36512944841,46.36512944841,CONDITIONAL_ENTRY_CSP,,
2024-04-29,QQQ_v0_3_Full,QQQ,47,cash_secured_put,CLOSE,put,-1.0,405.0,2024-05-17,5,432.75,0.6167404941340031,0.601321981780653,0.6321590064873532,0.6321590064873532,0.21068717504332754,-0.06796063125872816,-316.0795032436766,-10.959256176675062,10.959256176675062,CSP_PROFIT_TARGET,,
2024-08-06,QQQ_v0_3_Full,QQQ,48,insurance,OPEN,put,1.0,402.0,2024-11-15,4,439.53,6.856448347321731,6.6850371386386875,7.027859556004774,7.027859556004774,0.25013443865099366,-0.1993126797144773,-2811.14382240191,-71.1644834732173,71.1644834732173,INSURANCE_MODEL_ENTRY_PROTECTIVE_PUT,,
2024-08-09,QQQ_v0_3_Full,QQQ,48,insurance,CLOSE,put,1.0,402.0,2024-11-15,2,450.41,4.961955456274794,4.837906569867924,5.0860043426816635,4.837906569867924,0.2535338699481729,-0.15189675465972385,967.5813139735848,-26.10977728137397,26.10977728137397,INSURANCE_PARTIAL_MONETIZATION,,
2024-11-05,QQQ_v0_3_Full,QQQ,48,insurance,CLOSE,put,1.0,402.0,2024-11-15,2,492.21,4.06438434130919e-05,0.0,0.010040643843413091,0.0,0.28685545803620405,-8.127258723234245e-06,0.0,-1.3081287686826184,1.3081287686826184,INSURANCE_DTE_ROLL,,
2024-11-05,QQQ_v0_3_Full,QQQ,49,cash_secured_put,OPEN,put,-1.0,464.0,2024-12-20,4,492.21,4.715052352758647,4.597176043939681,4.832928661577613,4.597176043939681,0.23063213302433938,-0.20291063173851007,1838.8704175758726,-49.75052352758633,49.75052352758633,CONDITIONAL_ENTRY_CSP,,
2024-11-07,QQQ_v0_3_Full,QQQ,49,cash_secured_put,CLOSE,put,-1.0,464.0,2024-12-20,4,513.54,1.099220103050186,1.0717396004739315,1.1267006056264406,1.1267006056264406,0.21036471313502902,-0.06584412352613177,-450.6802422505762,-13.592201030501824,13.592201030501824,CSP_PROFIT_TARGET,,
2024-12-20,QQQ_v0_3_Full,QQQ,50,insurance,OPEN,put,1.0,481.0,2025-03-21,4,518.66,6.597131231851677,6.432202951055385,6.762059512647968,6.762059512647968,0.21664149768478044,-0.19987326235096267,-2704.823805059187,-68.57131231851669,68.57131231851669,INSURANCE_MODEL_ENTRY_PROTECTIVE_PUT,,
2025-03-11,QQQ_v0_3_Full,QQQ,50,insurance,CLOSE,put,1.0,481.0,2025-03-21,1,471.6,14.164396691180912,13.810286773901389,14.518506608460434,13.810286773901389,0.287,-0.6442816245674755,1381.028677390139,-36.06099172795228,36.06099172795228,INSURANCE_PARTIAL_MONETIZATION,,
2025-03-11,QQQ_v0_3_Full,QQQ,50,insurance,CLOSE,put,1.0,481.0,2025-03-21,3,471.6,14.164396691180912,13.810286773901389,14.518506608460434,13.810286773901389,0.287,-0.6442816245674755,4143.086032170417,-108.18297518385684,108.18297518385684,INSURANCE_DTE_ROLL,,
2025-03-19,QQQ_v0_3_Full,QQQ,51,insurance,OPEN,put,1.0,440.0,2025-06-20,4,480.89,7.137212827818615,6.95878250712315,7.315643148514081,7.315643148514081,0.24944039548517313,-0.19887474700419006,-2926.2572594056323,-73.97212827818615,73.97212827818615,INSURANCE_MODEL_ENTRY_PROTECTIVE_PUT,,
2025-04-04,QQQ_v0_3_Full,QQQ,51,insurance,CLOSE,put,1.0,440.0,2025-06-20,1,422.67,30.001986565011066,29.251936900885788,30.752036229136344,29.251936900885788,0.28415192153667906,-0.5722938925258204,2925.193690088579,-75.65496641252781,75.65496641252781,INSURANCE_PARTIAL_MONETIZATION,,
2025-04-15,QQQ_v0_3_Full,QQQ,51,insurance,CLOSE,put,1.0,440.0,2025-06-20,1,457.99,22.892709120247304,22.32039139224112,23.465026848253487,22.32039139224112,0.42612578740728746,-0.3633233301803235,2232.039139224112,-57.88177280061833,57.88177280061833,INSURANCE_PARTIAL_MONETIZATION,,
2025-06-10,QQQ_v0_3_Full,QQQ,51,insurance,CLOSE,put,1.0,440.0,2025-06-20,2,534.21,5.082273400372982e-06,0.0,0.010005082273400374,0.0,0.25063000505419225,-1.1609090722526484e-06,0.0,-1.3010164546800747,1.3010164546800747,INSURANCE_DTE_ROLL,,
2025-08-04,QQQ_v0_3_Full,QQQ,52,covered_call,OPEN,call,-1.0,596.0,2025-09-19,1,564.1,5.703195851229509,5.560615954948771,5.845775747510247,5.560615954948771,0.1985012919913499,0.24919724539630927,556.0615954948771,-14.907989628073809,14.907989628073809,GREED_EXHAUSTION_COVERED_CALL,,
2025-08-05,QQQ_v0_3_Full,QQQ,52,covered_call,CLOSE,call,-1.0,596.0,2025-09-19,1,560.27,4.8346107836724315,4.713745514080621,4.955476053264242,4.955476053264242,0.2014065568521358,0.21998887091602376,-495.5476053264242,-12.736526959181043,12.736526959181043,CALL_STATE_EXIT,,
2025-08-06,QQQ_v0_3_Full,QQQ,53,insurance,OPEN,put,1.0,519.0,2025-11-21,4,567.32,8.540209347452716,8.326704113766398,8.753714581139034,8.753714581139034,0.23660021172040838,-0.19823534544565416,-3501.4858324556135,-88.00209347452716,88.00209347452716,INSURANCE_MODEL_ENTRY_PROTECTIVE_PUT,,
2025-11-11,QQQ_v0_3_Full,QQQ,53,insurance,CLOSE,put,1.0,519.0,2025-11-21,4,621.57,0.00033082692562199506,0.0,0.010330826925621995,0.0,0.28281424055215026,-4.8809381544308124e-05,0.0,-2.7323307702487982,2.7323307702487982,INSURANCE_DTE_ROLL,,
2025-11-12,QQQ_v0_3_Full,QQQ,54,cash_secured_put,OPEN,put,-1.0,585.0,2025-12-19,4,621.08,5.5273053264721455,5.389122693310342,5.665487959633949,5.389122693310342,0.24527143352232866,-0.19735387116915107,2155.6490773241367,-57.873053264721385,57.873053264721385,CONDITIONAL_ENTRY_CSP,,
2025-11-12,QQQ_v0_3_Full,QQQ,55,covered_call,OPEN,call,-1.0,663.0,2025-12-19,1,621.08,4.711181024463258,4.5934014988516765,4.828960550074839,4.5934014988516765,0.22104361431290148,0.19964400546428693,459.34014988516765,-12.427952561158145,12.427952561158145,GREED_EXHAUSTION_COVERED_CALL,,
2025-11-17,QQQ_v0_3_Full,QQQ,55,covered_call,CLOSE,call,-1.0,663.0,2025-12-19,1,603.66,3.2009469728366753,3.1209232985157582,3.2809706471575923,3.2809706471575923,0.26922889927198634,0.13602940985918233,-328.09706471575925,-8.652367432091706,8.652367432091706,CALL_STATE_EXIT,,
2025-11-19,QQQ_v0_3_Full,QQQ,56,insurance,OPEN,put,1.0,545.0,2026-02-20,3,599.87,9.79571001771501,9.550817267272134,10.040602768157886,10.040602768157886,0.269633494417481,-0.20083695327617979,-3012.1808304473657,-75.41782513286279,75.41782513286279,INSURANCE_MODEL_ENTRY_PROTECTIVE_PUT,,
2025-12-03,QQQ_v0_3_Full,QQQ,54,cash_secured_put,CLOSE,put,-1.0,585.0,2025-12-19,4,623.52,1.0904355107890495,1.0631746230193233,1.1176963985587758,1.1176963985587758,0.22563582563510393,-0.08010761095740968,-447.07855942351034,-13.504355107890495,13.504355107890495,CSP_PROFIT_TARGET,,
2026-02-02,QQQ_v0_3_Full,QQQ,56,insurance,CLOSE,put,1.0,545.0,2026-02-20,3,626.14,0.06728515021576564,0.05728515021576564,0.07728515021576564,0.05728515021576564,0.2535671814610151,-0.005847832246888619,17.185545064729695,-4.950000000000001,4.950000000000001,INSURANCE_RECOVERY_EXIT,,
2026-02-02,QQQ_v0_3_Full,QQQ,57,cash_secured_put,OPEN,put,-1.0,589.0,2026-03-20,4,626.14,5.902920027496208,5.755347026808803,6.050493028183613,5.755347026808803,0.2291422391760759,-0.19969381451293935,2302.138810723521,-61.62920027496208,61.62920027496208,CONDITIONAL_ENTRY_CSP,,
2026-03-17,QQQ_v0_3_Full,QQQ,57,cash_secured_put,CLOSE,put,-1.0,589.0,2026-03-20,4,603.31,1.047502327443084,1.0213147692570068,1.073689885629161,1.073689885629161,0.25537371334803,-0.14457230632183998,-429.4759542516644,-13.075023274430839,13.075023274430839,CSP_PROFIT_TARGET,,
2026-04-01,QQQ_v0_3_Full,QQQ,58,insurance,OPEN,put,1.0,534.0,2026-06-18,4,584.31,8.656269987129818,8.439863237451572,8.872676736808064,8.872676736808064,0.2696172246606783,-0.2002794716069177,-3549.0706947232256,-89.16269987129832,89.16269987129832,INSURANCE_MODEL_ENTRY_PROTECTIVE_PUT,,
2026-06-08,QQQ_v0_3_Full,QQQ,58,insurance,CLOSE,put,1.0,534.0,2026-06-18,4,716.07,7.748656304986724e-06,0.0,0.010007748656304986,0.0,0.37463412794838497,-8.887317372580295e-07,0.0,-2.6030994625219948,2.6030994625219948,INSURANCE_DTE_ROLL,,
2026-06-08,QQQ_v0_3_Full,QQQ,59,covered_call,OPEN,call,-1.0,763.0,2026-07-17,1,716.07,8.468165749150415,8.256461605421656,8.679869892879175,8.256461605421656,0.2544035329124821,0.24870022318046867,825.6461605421656,-21.820414372875966,21.820414372875966,GREED_EXHAUSTION_COVERED_CALL,,
2026-06-09,QQQ_v0_3_Full,QQQ,59,covered_call,CLOSE,call,-1.0,763.0,2026-07-17,1,707.83,7.809794004337107,7.614549154228679,8.005038854445534,8.005038854445534,0.2760886585930395,0.22406943948685526,-800.5038854445534,-20.174485010842695,20.174485010842695,CALL_STATE_EXIT,,
